time,tavg,tmin,tmax,prcp,snow,wdir,wspd,wpgt,pres,tsun
2014-01-02,8.2,5.9,9.9,,,211.0,22.1,,,
2014-01-03,7.4,5.9,10.9,,,211.0,28.3,,,
2014-01-04,6.0,2.9,7.9,,,197.0,11.7,,,
2014-01-05,7.5,3.9,12.9,,,182.0,24.3,,,
2014-01-06,9.9,8.9,11.9,,,203.0,28.2,,,
2014-01-07,8.9,5.9,10.9,,,210.0,23.1,,,
2014-01-08,8.9,6.9,10.9,,,189.0,17.6,,,
2014-01-09,7.4,4.9,10.9,,,239.0,22.4,,,
2014-01-10,6.9,4.9,8.9,,,207.0,13.8,,,
2014-01-11,5.4,1.9,7.9,,,235.0,12.9,,,
2014-01-12,5.5,1.9,9.9,,,132.0,21.4,,,
2014-01-13,5.7,3.9,8.9,,,199.0,16.3,,,
2014-01-14,4.6,1.9,8.9,,,228.0,15.2,,,
2014-01-15,9.8,8.9,10.9,,,202.0,18.5,,,
2014-01-16,7.0,5.9,7.9,,,164.0,16.3,,,
2014-01-17,7.1,5.9,8.9,,,203.0,16.4,,,
2014-01-18,8.2,6.9,8.9,,,136.0,22.1,,,
2014-01-19,5.3,3.9,6.9,,,211.0,11.8,,,
2014-01-20,4.9,3.9,6.9,,,,7.4,,,
2014-01-21,6.1,2.9,7.9,,,151.0,18.9,,,
2014-01-22,7.1,5.9,8.9,,,231.0,13.2,,,
2014-01-23,5.9,4.9,7.9,,,254.0,22.0,,,
2014-01-24,7.2,4.9,9.9,,,157.0,15.7,,,
2014-01-25,8.1,3.9,9.9,,,258.0,27.0,,,
2014-01-26,6.2,2.9,9.9,,,232.0,26.3,,,
2014-01-27,5.3,2.9,6.9,,,239.0,25.1,,,
2014-01-28,6.2,5.9,6.9,,,201.0,17.6,,,
2014-01-29,4.8,2.9,6.9,,,82.0,14.1,,,
2014-01-30,2.9,2.9,3.9,,,,13.6,,,
2014-01-31,5.9,1.9,9.9,,,166.0,21.6,,,
2014-02-01,5.2,1.9,7.9,,,216.0,27.9,,,
2014-02-02,6.6,4.9,8.9,,,208.0,20.6,,,
2014-02-03,6.9,3.9,7.9,,,139.0,28.6,,,
2014-02-04,5.8,2.9,7.9,,,167.0,27.3,,,
2014-02-05,7.7,5.9,8.9,,,190.0,38.0,,,
2014-02-06,6.2,4.9,6.9,,,149.0,19.1,,,
2014-02-07,5.9,2.9,7.9,,,238.0,25.2,,,
2014-02-08,7.2,5.9,8.9,,,201.0,33.8,,,
2014-02-09,5.1,2.9,6.9,,,221.0,29.9,,,
2014-02-10,4.9,3.9,6.9,,,218.0,19.0,,,
2014-02-11,4.9,1.9,7.9,,,215.0,26.7,,,
2014-02-12,5.9,1.9,8.9,,,207.0,33.6,,,
2014-02-13,3.9,0.9,6.9,,,224.0,21.8,,,
2014-02-14,6.8,2.9,11.9,,,170.0,36.7,,,
2014-02-15,7.2,5.9,8.9,,,238.0,35.5,,,
2014-02-16,6.2,3.9,8.9,,,205.0,14.8,,,
2014-02-17,8.2,6.9,8.9,,,162.0,22.7,,,
2014-02-18,8.2,5.9,9.9,,,215.0,13.0,,,
2014-02-19,8.4,6.9,9.9,,,214.0,16.5,,,
2014-02-20,8.6,4.9,10.9,,,218.0,23.5,,,
2014-02-21,5.6,3.9,8.9,,,221.0,21.3,,,
2014-02-22,7.8,4.9,9.9,,,221.0,21.3,,,
2014-02-23,10.1,8.9,10.9,,,193.0,31.2,,,
2014-02-24,9.0,5.9,10.9,,,183.0,25.4,,,
2014-02-25,7.3,4.9,9.9,,,199.0,20.4,,,
2014-02-26,6.7,4.9,9.9,,,222.0,19.6,,,
2014-02-27,6.9,3.9,8.9,,,232.0,27.3,,,
2014-02-28,4.5,1.9,5.9,,,5.0,18.3,,,
2014-03-01,5.2,1.9,7.9,,,236.0,9.9,,,
2014-03-02,7.2,4.9,9.9,,,200.0,23.0,,,
2014-03-03,5.4,2.9,8.9,,,115.0,15.6,,,
2014-03-04,6.7,2.9,9.9,,,259.0,12.8,,,
2014-03-05,7.7,3.9,11.9,,,232.0,12.6,,,
2014-03-06,8.8,7.9,9.9,,,188.0,22.9,,,
2014-03-07,9.2,3.9,11.9,,,213.0,17.4,,,
2014-03-08,9.9,4.9,14.9,,,133.0,19.6,,,
2014-03-09,12.7,8.9,16.9,,,174.0,16.8,,,
2014-03-10,8.7,5.9,10.9,,,24.0,20.6,,,
2014-03-11,6.4,4.9,8.9,,,56.0,23.6,,,
2014-03-12,5.2,2.9,8.9,,,59.0,15.1,,,
2014-03-13,5.9,1.9,9.9,,,62.0,10.9,,,
2014-03-14,5.7,2.9,6.9,,,,14.9,,,
2014-03-15,9.0,6.9,11.9,,,256.0,26.4,,,
2014-03-16,9.6,7.9,12.9,,,255.0,24.1,,,
2014-03-17,8.8,7.9,10.9,,,256.0,17.4,,,
2014-03-18,8.9,7.9,10.9,,,250.0,27.4,,,
2014-03-19,9.0,6.9,11.9,,,244.0,22.6,,,
2014-03-20,9.4,7.9,11.9,,,212.0,23.1,,,
2014-03-21,6.9,3.9,9.9,,,228.0,20.7,,,
2014-03-22,,,,,,,,,,
2014-03-23,5.8,2.9,9.9,,,279.0,22.3,,,
2014-03-24,5.7,1.9,8.9,,,137.0,20.1,,,
2014-03-25,7.5,5.9,9.9,,,332.0,15.7,,,
2014-03-26,5.5,2.9,7.9,,,19.0,14.5,,,
2014-03-27,4.2,0.9,7.9,,,75.0,14.8,,,
2014-03-28,5.6,2.9,8.9,,,72.0,18.8,,,
2014-03-29,10.9,5.9,16.9,,,100.0,20.3,,,
2014-03-30,12.7,7.9,17.9,,,109.0,16.4,,,
2014-03-31,11.7,8.9,14.9,,,126.0,13.6,,,
2014-04-01,11.2,7.9,15.9,,,95.0,11.4,,,
2014-04-02,12.9,11.9,15.9,,,95.0,20.1,,,
2014-04-03,11.5,9.9,13.9,,,29.0,12.4,,,
2014-04-04,10.7,7.9,13.9,,,242.0,13.0,,,
2014-04-05,11.4,8.9,12.9,,,173.0,17.5,,,
2014-04-06,12.3,11.9,12.9,,,190.0,21.9,,,
2014-04-07,11.2,8.9,12.9,,,208.0,27.3,,,
2014-04-08,8.4,5.9,10.9,,,262.0,27.1,,,
2014-04-09,9.6,6.9,12.9,,,248.0,17.4,,,
2014-04-10,9.2,5.9,12.9,,,261.0,12.4,,,
2014-04-11,9.7,5.9,14.9,,,,10.2,,,
2014-04-12,8.9,5.9,10.9,,,252.0,22.0,,,
2014-04-13,9.6,6.9,11.9,,,274.0,18.5,,,
2014-04-14,10.4,5.9,14.9,,,326.0,15.1,,,
2014-04-15,9.9,4.9,14.9,,,91.0,16.1,,,
2014-04-16,9.5,3.9,15.9,,,129.0,14.2,,,
2014-04-17,9.9,6.9,12.9,,,251.0,17.9,,,
2014-04-18,9.1,4.9,13.9,,,31.0,14.1,,,
2014-04-19,7.5,1.9,11.9,,,63.0,17.6,,,
2014-04-20,7.9,4.9,11.9,,,40.0,24.1,,,
2014-04-21,11.7,6.9,17.9,,,,13.7,,,
2014-04-22,11.4,9.9,13.9,,,228.0,11.1,,,
2014-04-23,11.3,9.9,13.9,,,161.0,18.6,,,
2014-04-24,10.7,5.9,14.9,,,,7.7,,,
2014-04-25,10.3,8.9,12.9,,,,11.2,,,
2014-04-26,10.4,7.9,12.9,,,149.0,27.2,,,
2014-04-27,9.3,7.9,11.9,,,64.0,16.2,,,
2014-04-28,10.8,8.9,14.9,,,,12.5,,,
2014-04-29,11.7,6.9,15.9,,,,9.7,,,
2014-04-30,11.2,7.9,14.9,,,,10.2,,,
2014-05-01,12.0,10.9,14.9,,,237.0,11.4,,,
2014-05-02,9.8,6.9,11.9,,,34.0,16.0,,,
2014-05-03,9.5,4.9,13.9,,,,11.0,,,
2014-05-04,10.9,7.9,14.9,,,185.0,11.2,,,
2014-05-05,11.7,6.9,16.9,,,155.0,18.7,,,
2014-05-06,12.1,9.9,15.9,,,233.0,16.3,,,
2014-05-07,11.4,8.9,14.9,,,244.0,28.2,,,
2014-05-08,11.7,9.9,13.9,,,234.0,25.4,,,
2014-05-09,12.0,10.9,13.9,,,250.0,32.4,,,
2014-05-10,11.7,9.9,12.9,,,229.0,31.4,,,
2014-05-11,10.3,8.9,12.9,,,257.0,40.1,,,
2014-05-12,10.7,7.9,12.9,,,264.0,23.9,,,
2014-05-13,11.7,7.9,14.9,,,268.0,14.6,,,
2014-05-14,12.4,7.9,16.9,,,265.0,12.9,,,
2014-05-15,14.6,8.9,19.9,,,,7.7,,,
2014-05-16,16.4,11.9,20.9,,,,7.5,,,
2014-05-17,15.8,10.9,20.9,,,240.0,9.5,,,
2014-05-18,16.7,11.9,20.9,,,164.0,15.9,,,
2014-05-19,16.8,10.9,23.9,,,108.0,18.3,,,
2014-05-20,14.8,10.9,16.9,,,141.0,17.5,,,
2014-05-21,13.8,6.9,17.9,,,,10.2,,,
2014-05-22,13.3,10.9,15.9,,,57.0,11.9,,,
2014-05-23,11.8,9.9,13.9,,,117.0,20.0,,,
2014-05-24,10.8,8.9,11.9,,,123.0,11.6,,,
2014-05-25,12.5,10.9,14.9,,,172.0,19.8,,,
2014-05-26,12.5,7.9,15.9,,,,7.4,,,
2014-05-27,13.2,10.9,16.9,,,338.0,10.5,,,
2014-05-28,11.8,9.9,13.9,,,320.0,13.8,,,
2014-05-29,13.4,11.9,16.9,,,10.0,14.8,,,
2014-05-30,13.6,11.9,14.9,,,43.0,13.3,,,
2014-05-31,14.1,11.9,16.9,,,,8.1,,,
2014-06-01,14.0,10.9,17.9,,,257.0,13.0,,,
2014-06-02,14.0,10.9,17.9,,,211.0,11.3,,,
2014-06-03,13.9,11.9,16.9,,,244.0,15.1,,,
2014-06-04,10.6,8.9,11.9,,,244.0,15.5,,,
2014-06-05,13.1,9.9,16.9,,,249.0,16.7,,,
2014-06-06,15.5,8.9,21.9,,,99.0,20.2,,,
2014-06-07,16.5,13.9,19.9,,,170.0,14.8,,,
2014-06-08,16.0,12.9,19.9,,,162.0,14.0,,,
2014-06-09,17.0,12.9,21.9,,,162.0,12.5,,,
2014-06-10,15.4,12.9,17.9,,,186.0,15.7,,,
2014-06-11,15.2,11.9,18.9,,,234.0,14.1,,,
2014-06-12,,,,,,,,,,
2014-06-13,17.7,12.9,22.9,,,,9.0,,,
2014-06-14,18.9,14.9,23.9,,,13.0,15.5,,,
2014-06-15,17.4,13.9,20.9,,,57.0,13.2,,,
2014-06-16,16.2,12.9,19.9,,,43.0,15.3,,,
2014-06-17,16.1,10.9,20.9,,,32.0,17.6,,,
2014-06-18,17.9,13.9,21.9,,,14.0,14.2,,,
2014-06-19,19.0,14.9,23.9,,,12.0,11.4,,,
2014-06-20,17.4,11.9,22.9,,,,9.3,,,
2014-06-21,17.2,10.9,21.9,,,10.0,10.2,,,
2014-06-22,18.3,12.9,22.9,,,,10.9,,,
2014-06-23,19.9,14.9,24.9,,,,8.2,,,
2014-06-24,18.6,13.9,22.9,,,358.0,13.9,,,
2014-06-25,17.0,12.9,20.9,,,,13.6,,,
2014-06-26,15.5,12.9,19.9,,,113.0,13.8,,,
2014-06-27,14.9,12.9,17.9,,,197.0,10.4,,,
2014-06-28,14.7,11.9,18.9,,,147.0,10.1,,,
2014-06-29,15.1,11.9,18.9,,,340.0,11.5,,,
2014-06-30,15.7,10.9,19.9,,,123.0,9.8,,,
2014-07-01,16.8,9.9,22.9,,,88.0,13.9,,,
2014-07-02,18.2,13.9,22.9,,,204.0,10.3,,,
2014-07-03,17.6,12.9,22.9,,,230.0,13.4,,,
2014-07-04,17.2,14.9,20.9,,,188.0,19.7,,,
2014-07-05,16.9,12.9,19.9,,,240.0,18.0,,,
2014-07-06,15.2,10.9,19.9,,,253.0,17.0,,,
2014-07-07,14.2,10.9,17.9,,,208.0,9.0,,,
2014-07-08,14.7,12.9,17.9,,,277.0,12.0,,,
2014-07-09,16.4,11.9,20.9,,,317.0,17.8,,,
2014-07-10,17.3,10.9,22.9,,,281.0,14.0,,,
2014-07-11,18.4,14.9,22.9,,,294.0,11.8,,,
2014-07-12,,,,,,,,,,
2014-07-13,17.9,14.9,20.9,,,271.0,20.8,,,
2014-07-14,16.4,10.9,21.9,,,238.0,13.7,,,
2014-07-15,18.0,14.9,21.9,,,253.0,12.9,,,
2014-07-16,17.8,13.9,21.9,,,239.0,11.3,,,
2014-07-17,20.9,15.9,26.9,,,94.0,10.2,,,
2014-07-18,20.2,17.9,22.9,,,145.0,18.2,,,
2014-07-19,18.4,15.9,21.9,,,,8.6,,,
2014-07-20,18.9,15.9,21.9,,,265.0,15.8,,,
2014-07-21,19.2,14.9,23.9,,,285.0,12.1,,,
2014-07-22,20.8,14.9,25.9,,,,11.0,,,
2014-07-23,21.3,14.9,26.9,,,59.0,17.7,,,
2014-07-24,22.2,16.9,27.9,,,50.0,18.2,,,
2014-07-25,21.9,15.9,27.9,,,50.0,14.9,,,
2014-07-26,21.4,15.9,26.9,,,345.0,11.1,,,
2014-07-27,19.1,15.9,21.9,,,285.0,17.3,,,
2014-07-28,18.6,14.9,22.9,,,,10.5,,,
2014-07-29,19.2,14.9,23.9,,,313.0,13.9,,,
2014-07-30,17.6,12.9,21.9,,,278.0,16.5,,,
2014-07-31,18.3,14.9,21.9,,,252.0,17.2,,,
2014-08-01,17.1,14.9,19.9,,,190.0,12.6,,,
2014-08-02,16.7,13.9,21.9,,,193.0,17.8,,,
2014-08-03,16.4,12.9,19.9,,,232.0,17.3,,,
2014-08-04,16.7,12.9,21.9,,,217.0,9.9,,,
2014-08-05,17.1,14.9,20.9,,,161.0,16.0,,,
2014-08-06,18.8,16.9,21.9,,,237.0,19.1,,,
2014-08-07,18.0,13.9,21.9,,,268.0,12.1,,,
2014-08-08,17.3,13.9,20.9,,,,10.7,,,
2014-08-09,16.5,13.9,19.9,,,237.0,14.4,,,
2014-08-10,15.2,12.9,17.9,,,204.0,25.1,,,
2014-08-11,15.2,11.9,17.9,,,241.0,24.1,,,
2014-08-12,14.5,11.9,17.9,,,225.0,19.5,,,
2014-08-13,15.7,11.9,18.9,,,258.0,19.6,,,
2014-08-14,14.5,12.9,17.9,,,,11.5,,,
2014-08-15,14.7,10.9,18.9,,,301.0,12.2,,,
2014-08-16,14.9,11.9,18.9,,,269.0,20.2,,,
2014-08-17,15.2,11.9,17.9,,,259.0,28.0,,,
2014-08-18,14.2,10.9,18.9,,,278.0,21.8,,,
2014-08-19,12.7,10.9,14.9,,,292.0,14.1,,,
2014-08-20,12.6,8.9,15.9,,,294.0,11.3,,,
2014-08-21,11.9,8.9,16.9,,,234.0,14.1,,,
2014-08-22,13.7,9.9,16.9,,,267.0,16.1,,,
2014-08-23,12.7,8.9,16.9,,,272.0,15.8,,,
2014-08-24,13.0,8.9,16.9,,,197.0,10.1,,,
2014-08-25,15.4,12.9,17.9,,,152.0,15.8,,,
2014-08-26,16.0,13.9,16.9,,,80.0,17.3,,,
2014-08-27,14.8,9.9,17.9,,,100.0,21.8,,,
2014-08-28,16.7,13.9,19.9,,,219.0,14.5,,,
2014-08-29,15.3,13.9,16.9,,,221.0,19.8,,,
2014-08-30,15.2,12.9,17.9,,,258.0,22.6,,,
2014-08-31,15.1,10.9,18.9,,,255.0,15.6,,,
2014-09-01,16.3,14.9,18.9,,,236.0,14.0,,,
2014-09-02,15.7,10.9,19.9,,,72.0,13.0,,,
2014-09-03,17.2,12.9,20.9,,,76.0,13.5,,,
2014-09-04,15.7,11.9,19.9,,,55.0,12.1,,,
2014-09-05,18.4,16.9,20.9,,,,8.1,,,
2014-09-06,17.6,15.9,21.9,,,,5.2,,,
2014-09-07,15.6,11.9,18.9,,,27.0,13.7,,,
2014-09-08,15.1,9.9,20.9,,,,12.6,,,
2014-09-09,15.3,9.9,19.9,,,65.0,9.7,,,
2014-09-10,16.1,12.9,20.9,,,111.0,10.7,,,
2014-09-11,14.4,9.9,17.9,,,79.0,11.7,,,
2014-09-12,15.2,9.9,19.9,,,70.0,10.4,,,
2014-09-13,15.2,10.9,19.9,,,68.0,15.3,,,
2014-09-14,15.1,10.9,19.9,,,57.0,17.2,,,
2014-09-15,15.3,12.9,18.9,,,43.0,14.9,,,
2014-09-16,16.6,11.9,22.9,,,71.0,14.7,,,
2014-09-17,17.4,14.9,21.9,,,62.0,24.2,,,
2014-09-18,18.7,14.9,23.9,,,62.0,21.7,,,
2014-09-19,17.1,15.9,18.9,,,50.0,13.6,,,
2014-09-20,17.5,16.9,18.9,,,20.0,12.5,,,
2014-09-21,14.6,10.9,17.9,,,32.0,15.6,,,
2014-09-22,13.2,8.9,17.9,,,,8.0,,,
2014-09-23,13.6,9.9,16.9,,,251.0,10.6,,,
2014-09-24,14.3,9.9,17.9,,,281.0,15.5,,,
2014-09-25,14.1,9.9,18.9,,,241.0,15.4,,,
2014-09-26,16.3,14.9,18.9,,,249.0,14.5,,,
2014-09-27,16.7,13.9,18.9,,,,4.1,,,
2014-09-28,17.4,12.9,21.9,,,76.0,8.8,,,
2014-09-29,15.8,13.9,18.9,,,250.0,8.8,,,
2014-09-30,16.0,12.9,20.9,,,194.0,11.6,,,
2014-10-01,15.3,12.9,16.9,,,242.0,13.2,,,
2014-10-02,15.6,11.9,18.9,,,,9.4,,,
2014-10-03,15.6,12.9,19.9,,,192.0,15.6,,,
2014-10-04,12.7,7.9,15.9,,,255.0,17.8,,,
2014-10-05,11.6,7.9,14.9,,,171.0,11.8,,,
2014-10-06,12.4,9.9,14.9,,,189.0,22.0,,,
2014-10-07,9.8,6.9,12.9,,,207.0,15.6,,,
2014-10-08,12.2,8.9,14.9,,,168.0,17.2,,,
2014-10-09,13.4,10.9,15.9,,,206.0,23.0,,,
2014-10-10,12.5,9.9,16.9,,,203.0,13.8,,,
2014-10-11,11.7,8.9,14.9,,,192.0,9.5,,,
2014-10-12,9.7,5.9,11.9,,,67.0,13.6,,,
2014-10-13,10.7,9.9,10.9,,,358.0,26.1,,,
2014-10-14,10.6,9.9,10.9,,,327.0,12.7,,,
2014-10-15,11.9,9.9,14.9,,,121.0,14.5,,,
2014-10-16,14.0,10.9,16.9,,,185.0,13.5,,,
2014-10-17,15.7,13.9,17.9,,,175.0,20.2,,,
2014-10-18,16.9,15.9,17.9,,,192.0,25.3,,,
2014-10-19,15.3,13.9,16.9,,,227.0,22.6,,,
2014-10-20,12.9,10.9,14.9,,,229.0,17.4,,,
2014-10-21,11.2,7.9,13.9,,,264.0,34.3,,,
2014-10-22,10.8,7.9,12.9,,,264.0,23.4,,,
2014-10-23,13.4,10.9,15.9,,,215.0,17.0,,,
2014-10-24,13.4,10.9,15.9,,,225.0,16.1,,,
2014-10-25,11.8,9.9,13.9,,,217.0,14.9,,,
2014-10-26,13.0,11.9,14.9,,,210.0,18.9,,,
2014-10-27,14.7,13.9,14.9,,,184.0,20.5,,,
2014-10-28,15.9,14.9,17.9,,,181.0,16.3,,,
2014-10-29,11.5,9.9,14.9,,,68.0,15.9,,,
2014-10-30,15.8,14.9,16.9,,,168.0,15.7,,,
2014-10-31,17.3,14.9,19.9,,,160.0,20.6,,,
2014-11-01,13.7,10.9,16.9,,,202.0,22.3,,,
2014-11-02,12.6,9.9,14.9,,,216.0,17.6,,,
2014-11-03,8.9,6.9,10.9,,,209.0,15.4,,,
2014-11-04,6.7,4.9,8.9,,,265.0,10.0,,,
2014-11-05,7.5,4.9,9.9,,,344.0,11.2,,,
2014-11-06,9.8,5.9,13.9,,,155.0,21.8,,,
2014-11-07,10.2,7.9,12.9,,,212.0,22.4,,,
2014-11-08,9.7,6.9,11.9,,,198.0,18.8,,,
2014-11-09,8.4,5.9,11.9,,,194.0,9.4,,,
2014-11-10,10.4,7.9,12.9,,,178.0,19.0,,,
2014-11-11,11.5,10.9,11.9,,,129.0,25.5,,,
2014-11-12,10.8,9.9,12.9,,,164.0,16.1,,,
2014-11-13,12.0,9.9,13.9,,,140.0,24.5,,,
2014-11-14,11.6,8.9,12.9,,,154.0,19.8,,,
2014-11-15,8.9,7.9,9.9,,,96.0,12.5,,,
2014-11-16,9.6,8.9,10.9,,,46.0,16.6,,,
2014-11-17,8.8,7.9,9.9,,,339.0,16.2,,,
2014-11-18,8.1,5.9,10.9,,,62.0,15.2,,,
2014-11-19,9.3,7.9,10.9,,,97.0,18.3,,,
2014-11-20,8.9,7.9,9.9,,,80.0,15.1,,,
2014-11-21,8.5,6.9,12.9,,,98.0,22.0,,,
2014-11-22,12.6,9.9,13.9,,,220.0,12.4,,,
2014-11-23,7.9,4.9,9.9,,,333.0,9.9,,,
2014-11-24,5.2,1.9,9.9,,,,4.8,,,
2014-11-25,3.7,1.9,5.9,,,50.0,14.5,,,
2014-11-26,6.8,5.9,7.9,,,,8.6,,,
2014-11-27,7.5,4.9,8.9,,,102.0,11.8,,,
2014-11-28,10.2,7.9,11.9,,,73.0,25.2,,,
2014-11-29,9.5,7.9,11.9,,,75.0,13.6,,,
2014-11-30,9.8,7.9,11.9,,,330.0,10.1,,,
2014-12-01,7.3,6.9,7.9,,,,11.4,,,
2014-12-02,6.7,3.9,7.9,,,345.0,20.9,,,
2014-12-03,4.0,1.9,5.9,,,12.0,16.7,,,
2014-12-04,3.9,2.9,4.9,,,,11.9,,,
2014-12-05,4.6,2.9,7.9,,,302.0,12.8,,,
2014-12-06,5.0,1.9,7.9,,,257.0,10.3,,,
2014-12-07,7.0,3.9,9.9,,,246.0,21.7,,,
2014-12-08,4.4,2.9,6.9,,,257.0,16.7,,,
2014-12-09,6.7,2.9,10.9,,,218.0,19.8,,,
2014-12-10,7.3,5.9,10.9,,,263.0,30.9,,,
2014-12-11,7.4,5.9,8.9,,,254.0,33.4,,,
2014-12-12,6.2,2.9,9.9,,,255.0,23.0,,,
2014-12-13,3.4,1.9,5.9,,,274.0,10.8,,,
2014-12-14,6.8,2.9,8.9,,,215.0,20.4,,,
2014-12-15,6.6,4.9,7.9,,,240.0,13.6,,,
2014-12-16,5.9,3.9,7.9,,,238.0,13.4,,,
2014-12-17,10.9,8.9,11.9,,,254.0,32.8,,,
2014-12-18,11.7,10.9,12.9,,,240.0,33.2,,,
2014-12-19,8.4,5.9,11.9,,,258.0,27.3,,,
2014-12-20,7.6,6.9,8.9,,,262.0,26.1,,,
2014-12-21,9.0,6.9,10.9,,,235.0,24.8,,,
2014-12-22,11.5,10.9,11.9,,,240.0,31.1,,,
2014-12-23,10.6,9.9,11.9,,,228.0,28.1,,,
2014-12-24,7.6,4.9,10.9,,,262.0,23.2,,,
2014-12-25,5.4,2.9,7.9,,,263.0,16.0,,,
2014-12-26,5.5,1.9,9.9,,,213.0,19.1,,,
2014-12-27,3.9,2.9,5.9,,,309.0,23.2,,,
2014-12-28,2.1,0.9,3.9,,,18.0,13.5,,,
2014-12-29,1.9,-1.1,4.9,,,265.0,10.4,,,
2014-12-30,4.1,1.9,6.9,,,214.0,11.0,,,
2014-12-31,7.6,4.9,9.9,,,194.0,20.5,,,
2015-01-01,11.4,8.9,12.9,,,200.0,26.9,,,
2015-01-02,7.5,3.9,12.9,,,253.0,23.2,,,
2015-01-03,6.0,3.9,10.9,,,78.0,16.6,,,
2015-01-04,4.3,1.9,6.9,,,136.0,12.0,,,
2015-01-05,8.4,6.9,9.9,,,193.0,13.3,,,
2015-01-06,7.5,3.9,9.9,,,223.0,18.6,,,
2015-01-07,7.6,3.9,10.9,,,206.0,22.3,,,
2015-01-08,8.6,6.9,10.9,,,241.0,22.7,,,
2015-01-09,11.1,7.9,12.9,,,240.0,35.8,,,
2015-01-10,8.5,3.9,12.9,,,259.0,35.5,,,
2015-01-11,6.4,3.9,8.9,,,254.0,30.3,,,
2015-01-12,9.6,6.9,11.9,,,219.0,27.8,,,
2015-01-13,5.2,1.9,8.9,,,229.0,19.2,,,
2015-01-14,,,,,,,,,,
2015-01-15,6.2,2.9,10.9,,,223.0,29.4,,,
2015-01-16,3.8,-0.1,6.9,,,254.0,15.4,,,
2015-01-17,2.9,0.9,5.9,,,221.0,13.0,,,
2015-01-18,3.0,1.9,4.9,,,317.0,13.4,,,
2015-01-19,1.8,-0.1,3.9,,,327.0,9.7,,,
2015-01-20,2.4,-1.1,4.9,,,123.0,15.8,,,
2015-01-21,4.1,1.9,4.9,,,105.0,10.5,,,
2015-01-22,2.7,-0.1,4.9,,,53.0,10.5,,,
2015-01-23,3.9,-1.1,8.9,,,183.0,15.3,,,
2015-01-24,4.5,2.9,8.9,,,279.0,16.1,,,
2015-01-25,6.3,1.9,8.9,,,228.0,16.3,,,
2015-01-26,7.4,3.9,9.9,,,272.0,20.1,,,
2015-01-27,6.1,3.9,7.9,,,265.0,19.3,,,
2015-01-28,5.9,2.9,9.9,,,250.0,30.6,,,
2015-01-29,3.3,0.9,4.9,,,260.0,25.9,,,
2015-01-30,4.3,1.9,6.9,,,276.0,25.9,,,
2015-01-31,3.8,1.9,5.9,,,298.0,25.7,,,
2015-02-01,3.1,-0.1,5.9,,,316.0,21.2,,,
2015-02-02,0.9,-1.1,3.9,,,298.0,9.9,,,
2015-02-03,1.4,-0.1,3.9,,,4.0,17.5,,,
2015-02-04,2.4,-0.1,4.9,,,5.0,17.0,,,
2015-02-05,2.3,-0.1,4.9,,,4.0,15.7,,,
2015-02-06,0.9,-2.1,3.9,,,31.0,21.7,,,
2015-02-07,2.2,-0.1,4.9,,,34.0,21.3,,,
2015-02-08,3.3,0.9,6.9,,,341.0,11.4,,,
2015-02-09,3.6,-0.1,7.9,,,,7.4,,,
2015-02-10,3.3,1.9,4.9,,,90.0,11.1,,,
2015-02-11,4.3,3.9,4.9,,,,7.5,,,
2015-02-12,4.1,2.9,5.9,,,124.0,11.1,,,
2015-02-13,6.8,4.9,8.9,,,171.0,21.8,,,
2015-02-14,5.6,3.9,7.9,,,33.0,11.2,,,
2015-02-15,5.9,3.9,7.9,,,81.0,10.1,,,
2015-02-16,6.2,2.9,7.9,,,248.0,16.0,,,
2015-02-17,4.2,1.9,7.9,,,266.0,12.6,,,
2015-02-18,6.7,3.9,9.9,,,210.0,17.1,,,
2015-02-19,7.4,5.9,8.9,,,205.0,20.1,,,
2015-02-20,5.0,3.9,6.9,,,,11.0,,,
2015-02-21,3.5,1.9,5.9,,,271.0,16.2,,,
2015-02-22,4.8,0.9,9.9,,,208.0,21.5,,,
2015-02-23,4.3,0.9,5.9,,,233.0,23.9,,,
2015-02-24,6.1,4.9,8.9,,,260.0,30.8,,,
2015-02-25,8.5,6.9,10.9,,,245.0,17.1,,,
2015-02-26,8.1,2.9,10.9,,,254.0,21.7,,,
2015-02-27,4.7,1.9,7.9,,,247.0,18.7,,,
2015-02-28,9.1,5.9,10.9,,,206.0,23.0,,,
2015-03-01,7.2,3.9,10.9,,,244.0,29.2,,,
2015-03-02,4.6,2.9,6.9,,,245.0,26.9,,,
2015-03-03,4.6,2.9,6.9,,,242.0,23.6,,,
2015-03-04,5.5,2.9,9.9,,,279.0,22.0,,,
2015-03-05,6.7,3.9,9.9,,,244.0,17.0,,,
2015-03-06,8.0,4.9,11.9,,,204.0,20.1,,,
2015-03-07,9.5,6.9,13.9,,,199.0,21.8,,,
2015-03-08,7.7,4.9,9.9,,,244.0,17.4,,,
2015-03-09,7.0,1.9,10.9,,,169.0,22.0,,,
2015-03-10,6.6,3.9,10.9,,,,9.4,,,
2015-03-11,8.2,3.9,10.9,,,142.0,19.1,,,
2015-03-12,9.9,8.9,12.9,,,137.0,18.4,,,
2015-03-13,5.2,3.9,7.9,,,354.0,20.5,,,
2015-03-14,4.6,1.9,7.9,,,32.0,20.6,,,
2015-03-15,5.4,3.9,7.9,,,40.0,19.8,,,
2015-03-16,5.3,3.9,6.9,,,72.0,14.9,,,
2015-03-17,6.6,3.9,10.9,,,60.0,11.0,,,
2015-03-18,6.2,2.9,10.9,,,34.0,15.4,,,
2015-03-19,4.9,1.9,8.9,,,46.0,14.2,,,
2015-03-20,7.2,3.9,12.9,,,2.0,10.1,,,
2015-03-21,7.6,4.9,10.9,,,26.0,18.7,,,
2015-03-22,5.8,3.9,8.9,,,44.0,12.0,,,
2015-03-23,5.9,2.9,8.9,,,248.0,13.9,,,
2015-03-24,5.1,1.9,7.9,,,301.0,10.9,,,
2015-03-25,4.9,1.9,8.9,,,,9.8,,,
2015-03-26,8.2,3.9,11.9,,,265.0,26.0,,,
2015-03-27,7.6,2.9,10.9,,,217.0,12.3,,,
2015-03-28,10.7,8.9,13.9,,,233.0,27.5,,,
2015-03-29,9.9,7.9,10.9,,,254.0,43.2,,,
2015-03-30,8.2,5.9,10.9,,,255.0,28.6,,,
2015-03-31,9.2,5.9,10.9,,,268.0,47.9,,,
2015-04-01,6.8,3.9,8.9,,,266.0,33.1,,,
2015-04-02,8.5,5.9,9.9,,,246.0,19.7,,,
2015-04-03,9.8,7.9,12.9,,,260.0,13.8,,,
2015-04-04,9.0,6.9,11.9,,,12.0,16.6,,,
2015-04-05,10.1,7.9,12.9,,,,8.7,,,
2015-04-06,11.9,6.9,17.9,,,358.0,10.3,,,
2015-04-07,11.2,5.9,16.9,,,,6.7,,,
2015-04-08,12.6,7.9,17.9,,,100.0,10.5,,,
2015-04-09,12.4,6.9,17.9,,,,9.1,,,
2015-04-10,12.1,6.9,17.9,,,153.0,15.6,,,
2015-04-11,9.2,6.9,10.9,,,254.0,25.1,,,
2015-04-12,9.7,4.9,13.9,,,222.0,22.5,,,
2015-04-13,11.7,8.9,16.9,,,,10.1,,,
2015-04-14,11.6,6.9,17.9,,,237.0,13.0,,,
2015-04-15,11.4,4.9,17.9,,,251.0,11.5,,,
2015-04-16,12.6,6.9,17.9,,,61.0,18.7,,,
2015-04-17,11.1,7.9,15.9,,,67.0,20.8,,,
2015-04-18,10.5,4.9,15.9,,,66.0,29.9,,,
2015-04-19,7.6,3.9,10.9,,,54.0,20.7,,,
2015-04-20,11.1,1.9,17.9,,,57.0,14.5,,,
2015-04-21,12.7,6.9,17.9,,,61.0,21.4,,,
2015-04-22,11.9,5.9,17.9,,,66.0,26.6,,,
2015-04-23,10.5,5.9,15.9,,,,10.9,,,
2015-04-24,11.2,6.9,14.9,,,212.0,13.2,,,
2015-04-25,12.2,9.9,15.9,,,233.0,14.2,,,
2015-04-26,8.4,4.9,12.9,,,25.0,19.7,,,
2015-04-27,6.9,2.9,11.9,,,306.0,14.6,,,
2015-04-28,7.5,3.9,10.9,,,261.0,23.2,,,
2015-04-29,8.7,5.9,11.9,,,239.0,23.9,,,
2015-04-30,9.2,5.9,12.9,,,259.0,19.8,,,
2015-05-01,8.8,5.9,11.9,,,72.0,20.5,,,
2015-05-02,9.4,6.9,12.9,,,102.0,22.1,,,
2015-05-03,12.8,9.9,15.9,,,196.0,23.3,,,
2015-05-04,11.9,8.9,14.9,,,186.0,18.1,,,
2015-05-05,11.8,8.9,12.9,,,200.0,28.3,,,
2015-05-06,10.1,7.9,12.9,,,232.0,30.8,,,
2015-05-07,10.9,8.9,13.9,,,249.0,16.0,,,
2015-05-08,11.2,7.9,13.9,,,141.0,15.9,,,
2015-05-09,11.8,9.9,14.9,,,252.0,27.8,,,
2015-05-10,12.1,8.9,14.9,,,184.0,17.3,,,
2015-05-11,14.3,11.9,17.9,,,225.0,18.5,,,
2015-05-12,11.5,7.9,14.9,,,255.0,26.6,,,
2015-05-13,12.2,6.9,17.9,,,,9.2,,,
2015-05-14,9.4,7.9,10.9,,,84.0,22.2,,,
2015-05-15,10.6,6.9,13.9,,,324.0,14.8,,,
2015-05-16,12.3,8.9,14.9,,,264.0,25.7,,,
2015-05-17,10.8,7.9,13.9,,,250.0,17.3,,,
2015-05-18,10.3,8.9,11.9,,,236.0,27.0,,,
2015-05-19,9.2,6.9,11.9,,,269.0,27.9,,,
2015-05-20,10.1,4.9,14.9,,,275.0,19.2,,,
2015-05-21,11.8,8.9,15.9,,,259.0,22.0,,,
2015-05-22,12.7,8.9,15.9,,,253.0,15.7,,,
2015-05-23,15.0,11.9,19.9,,,,10.5,,,
2015-05-24,12.7,10.9,15.9,,,243.0,14.9,,,
2015-05-25,12.1,7.9,14.9,,,297.0,12.6,,,
2015-05-26,13.6,9.9,18.9,,,299.0,10.0,,,
2015-05-27,12.9,7.9,18.9,,,215.0,16.9,,,
2015-05-28,11.6,8.9,13.9,,,261.0,24.3,,,
2015-05-29,10.6,8.9,13.9,,,246.0,21.6,,,
2015-05-30,11.6,7.9,14.9,,,242.0,17.7,,,
2015-05-31,12.2,9.9,13.9,,,239.0,27.3,,,
2015-06-01,10.3,7.9,12.9,,,210.0,24.6,,,
2015-06-02,13.7,11.9,14.9,,,233.0,30.9,,,
2015-06-03,12.9,9.9,15.9,,,259.0,21.5,,,
2015-06-04,14.9,7.9,19.9,,,,11.4,,,
2015-06-05,14.8,10.9,19.9,,,228.0,22.2,,,
2015-06-06,11.9,7.9,15.9,,,250.0,25.5,,,
2015-06-07,13.4,8.9,17.9,,,319.0,12.4,,,
2015-06-08,13.0,7.9,16.9,,,24.0,20.5,,,
2015-06-09,11.5,6.9,14.9,,,40.0,24.4,,,
2015-06-10,11.7,5.9,15.9,,,54.0,26.8,,,
2015-06-11,16.6,8.9,23.9,,,67.0,25.2,,,
2015-06-12,16.4,12.9,18.9,,,,16.0,,,
2015-06-13,14.5,13.9,16.9,,,284.0,12.7,,,
2015-06-14,14.4,11.9,16.9,,,335.0,11.2,,,
2015-06-15,14.5,9.9,18.9,,,45.0,14.5,,,
2015-06-16,15.2,11.9,18.9,,,247.0,15.6,,,
2015-06-17,15.0,11.9,17.9,,,257.0,24.7,,,
2015-06-18,15.4,12.9,17.9,,,284.0,18.0,,,
2015-06-19,14.2,9.9,17.9,,,264.0,17.6,,,
2015-06-20,15.8,12.9,18.9,,,253.0,18.7,,,
2015-06-21,14.4,12.9,17.9,,,263.0,27.2,,,
2015-06-22,13.7,11.9,16.9,,,283.0,18.6,,,
2015-06-23,15.2,9.9,19.9,,,269.0,11.8,,,
2015-06-24,16.1,12.9,19.9,,,240.0,12.1,,,
2015-06-25,17.5,12.9,22.9,,,206.0,11.5,,,
2015-06-26,16.4,13.9,19.9,,,213.0,17.1,,,
2015-06-27,16.5,12.9,19.9,,,260.0,17.4,,,
2015-06-28,15.7,13.9,17.9,,,218.0,18.5,,,
2015-06-29,17.5,13.9,22.9,,,218.0,11.8,,,
2015-06-30,21.3,12.9,27.9,,,130.0,14.9,,,
2015-07-01,22.7,16.9,28.9,,,132.0,17.6,,,
2015-07-02,15.8,13.9,17.9,,,,10.4,,,
2015-07-03,18.8,9.9,24.9,,,101.0,16.1,,,
2015-07-04,19.2,13.9,21.9,,,226.0,18.2,,,
2015-07-05,15.2,11.9,19.9,,,203.0,15.6,,,
2015-07-06,15.1,10.9,18.9,,,183.0,17.0,,,
2015-07-07,16.3,13.9,18.9,,,234.0,26.7,,,
2015-07-08,15.1,12.9,16.9,,,272.0,29.4,,,
2015-07-09,15.9,11.9,19.9,,,270.0,12.9,,,
2015-07-10,17.5,11.9,23.9,,,175.0,12.9,,,
2015-07-11,16.9,14.9,19.9,,,255.0,22.0,,,
2015-07-12,15.9,13.9,17.9,,,235.0,19.9,,,
2015-07-13,16.7,15.9,17.9,,,240.0,20.1,,,
2015-07-14,16.9,14.9,20.9,,,248.0,14.4,,,
2015-07-15,16.7,12.9,18.9,,,357.0,12.1,,,
2015-07-16,17.2,11.9,22.9,,,99.0,15.8,,,
2015-07-17,16.9,13.9,18.9,,,236.0,21.3,,,
2015-07-18,15.8,11.9,19.9,,,,13.7,,,
2015-07-19,15.8,12.9,19.9,,,229.0,16.2,,,
2015-07-20,16.9,14.9,20.9,,,189.0,15.1,,,
2015-07-21,16.9,12.9,20.9,,,235.0,20.7,,,
2015-07-22,16.0,12.9,18.9,,,238.0,18.8,,,
2015-07-23,14.8,11.9,17.9,,,242.0,11.5,,,
2015-07-24,12.9,11.9,14.9,,,54.0,16.7,,,
2015-07-25,14.3,10.9,17.9,,,278.0,18.3,,,
2015-07-26,13.8,11.9,16.9,,,179.0,19.0,,,
2015-07-27,14.9,13.9,15.9,,,255.0,31.0,,,
2015-07-28,14.3,11.9,16.9,,,264.0,30.5,,,
2015-07-29,13.2,9.9,16.9,,,277.0,20.2,,,
2015-07-30,13.7,9.9,17.9,,,289.0,14.0,,,
2015-07-31,13.9,6.9,18.9,,,,10.4,,,
2015-08-01,14.0,10.9,16.9,,,223.0,11.5,,,
2015-08-02,17.7,12.9,22.9,,,154.0,16.3,,,
2015-08-03,17.5,13.9,18.9,,,207.0,15.8,,,
2015-08-04,15.0,11.9,17.9,,,223.0,17.1,,,
2015-08-05,15.8,13.9,17.9,,,164.0,18.2,,,
2015-08-06,16.5,12.9,18.9,,,239.0,21.3,,,
2015-08-07,15.8,10.9,20.9,,,,7.8,,,
2015-08-08,17.0,12.9,21.9,,,,10.0,,,
2015-08-09,16.2,12.9,19.9,,,222.0,10.1,,,
2015-08-10,16.8,12.9,18.9,,,225.0,18.0,,,
2015-08-11,14.8,10.9,19.9,,,23.0,8.9,,,
2015-08-12,17.6,11.9,21.9,,,54.0,16.5,,,
2015-08-13,17.2,14.9,19.9,,,46.0,21.6,,,
2015-08-14,15.8,13.9,17.9,,,316.0,15.1,,,
2015-08-15,14.2,10.9,17.9,,,276.0,15.7,,,
2015-08-16,14.4,10.9,17.9,,,,7.7,,,
2015-08-17,16.8,12.9,20.9,,,16.0,9.2,,,
2015-08-18,16.1,11.9,19.9,,,258.0,15.0,,,
2015-08-19,14.4,12.9,16.9,,,185.0,15.2,,,
2015-08-20,17.6,14.9,21.9,,,200.0,15.1,,,
2015-08-21,17.9,16.9,18.9,,,186.0,20.3,,,
2015-08-22,19.7,16.9,25.9,,,136.0,12.7,,,
2015-08-23,,,,,,,,,,
2015-08-24,,,,,,,,,,
2015-08-25,14.4,10.9,17.9,,,205.0,17.4,,,
2015-08-26,16.6,13.9,19.9,,,216.0,20.2,,,
2015-08-27,14.6,10.9,17.9,,,233.0,18.0,,,
2015-08-28,14.6,10.9,18.9,,,220.0,13.3,,,
2015-08-29,16.3,12.9,19.9,,,213.0,8.9,,,
2015-08-30,15.8,13.9,16.9,,,37.0,12.4,,,
2015-08-31,14.4,12.9,15.9,,,12.0,16.0,,,
2015-09-01,14.0,9.9,17.9,,,,10.8,,,
2015-09-02,12.6,8.9,16.9,,,292.0,11.7,,,
2015-09-03,12.3,8.9,14.9,,,293.0,11.9,,,
2015-09-04,13.7,10.9,17.9,,,296.0,11.2,,,
2015-09-05,13.4,10.9,14.9,,,342.0,13.0,,,
2015-09-06,12.7,7.9,16.9,,,,7.7,,,
2015-09-07,14.1,8.9,19.9,,,,9.8,,,
2015-09-08,11.6,6.9,15.9,,,77.0,15.2,,,
2015-09-09,12.9,7.9,17.9,,,87.0,16.4,,,
2015-09-10,14.7,9.9,21.9,,,89.0,16.0,,,
2015-09-11,15.0,10.9,19.9,,,109.0,21.3,,,
2015-09-12,14.5,11.9,15.9,,,208.0,19.3,,,
2015-09-13,13.7,10.9,17.9,,,120.0,15.4,,,
2015-09-14,12.1,9.9,15.9,,,156.0,20.6,,,
2015-09-15,12.9,8.9,15.9,,,226.0,17.9,,,
2015-09-16,12.3,9.9,14.9,,,32.0,17.5,,,
2015-09-17,12.9,8.9,16.9,,,240.0,12.8,,,
2015-09-18,14.2,11.9,17.9,,,272.0,11.4,,,
2015-09-19,14.0,9.9,18.9,,,,7.4,,,
2015-09-20,13.9,10.9,15.9,,,210.0,8.8,,,
2015-09-21,13.0,10.9,15.9,,,222.0,16.4,,,
2015-09-22,11.9,9.9,14.9,,,283.0,18.3,,,
2015-09-23,12.9,8.9,16.9,,,248.0,16.2,,,
2015-09-24,13.6,11.9,15.9,,,247.0,21.0,,,
2015-09-25,12.7,9.9,15.9,,,259.0,10.7,,,
2015-09-26,11.6,6.9,16.9,,,69.0,11.9,,,
2015-09-27,12.2,5.9,17.9,,,83.0,13.4,,,
2015-09-28,12.3,6.9,17.9,,,86.0,16.6,,,
2015-09-29,13.4,9.9,17.9,,,65.0,19.6,,,
2015-09-30,12.9,8.9,16.9,,,57.0,24.6,,,
2015-10-01,12.6,8.9,17.9,,,55.0,20.9,,,
2015-10-02,12.1,7.9,16.9,,,50.0,13.5,,,
2015-10-03,10.4,7.9,13.9,,,,7.9,,,
2015-10-04,12.1,5.9,15.9,,,125.0,14.0,,,
2015-10-05,16.1,12.9,17.9,,,158.0,22.0,,,
2015-10-06,15.7,13.9,16.9,,,164.0,14.8,,,
2015-10-07,12.2,8.9,14.9,,,270.0,23.4,,,
2015-10-08,12.2,7.9,16.9,,,225.0,7.9,,,
2015-10-09,11.9,8.9,15.9,,,,6.9,,,
2015-10-10,10.9,7.9,13.9,,,67.0,16.7,,,
2015-10-11,11.9,9.9,13.9,,,52.0,17.9,,,
2015-10-12,9.9,6.9,13.9,,,15.0,16.0,,,
2015-10-13,9.6,6.9,12.9,,,15.0,16.2,,,
2015-10-14,9.1,5.9,11.9,,,19.0,13.8,,,
2015-10-15,9.6,7.9,12.9,,,12.0,14.5,,,
2015-10-16,10.7,9.9,11.9,,,15.0,17.4,,,
2015-10-17,10.1,8.9,11.9,,,28.0,14.8,,,
2015-10-18,11.2,9.9,13.9,,,35.0,13.2,,,
2015-10-19,11.5,10.9,12.9,,,23.0,12.2,,,
2015-10-20,11.3,8.9,14.9,,,302.0,10.0,,,
2015-10-21,12.5,9.9,14.9,,,246.0,23.3,,,
2015-10-22,12.3,9.9,12.9,,,282.0,21.8,,,
2015-10-23,10.8,8.9,11.9,,,186.0,9.5,,,
2015-10-24,10.9,6.9,12.9,,,225.0,13.4,,,
2015-10-25,8.2,5.9,11.9,,,176.0,10.6,,,
2015-10-26,10.4,4.9,15.9,,,111.0,21.9,,,
2015-10-27,13.3,11.9,15.9,,,125.0,17.6,,,
2015-10-28,11.8,8.9,13.9,,,141.0,12.9,,,
2015-10-29,12.6,9.9,13.9,,,184.0,15.3,,,
2015-10-30,14.7,10.9,15.9,,,152.0,22.0,,,
2015-10-31,13.8,10.9,16.9,,,102.0,13.6,,,
2015-11-01,11.6,8.9,15.9,,,,9.2,,,
2015-11-02,10.8,9.9,11.9,,,96.0,11.1,,,
2015-11-03,11.4,9.9,12.9,,,92.0,13.3,,,
2015-11-04,13.2,11.9,13.9,,,172.0,10.6,,,
2015-11-05,14.4,13.9,14.9,,,181.0,19.7,,,
2015-11-06,14.6,12.9,16.9,,,211.0,19.7,,,
2015-11-07,14.2,11.9,16.9,,,215.0,25.9,,,
2015-11-08,13.2,9.9,15.9,,,191.0,21.9,,,
2015-11-09,11.9,8.9,13.9,,,226.0,26.2,,,
2015-11-10,14.6,13.9,14.9,,,221.0,23.0,,,
2015-11-11,13.1,11.9,13.9,,,216.0,17.7,,,
2015-11-12,11.8,8.9,13.9,,,200.0,19.5,,,
2015-11-13,8.7,6.9,10.9,,,244.0,27.5,,,
2015-11-14,10.7,7.9,13.9,,,232.0,23.6,,,
2015-11-15,13.7,12.9,13.9,,,239.0,33.5,,,
2015-11-16,11.4,9.9,12.9,,,229.0,23.1,,,
2015-11-17,13.1,11.9,14.9,,,237.0,35.7,,,
2015-11-18,12.3,10.9,13.9,,,235.0,30.6,,,
2015-11-19,10.5,8.9,11.9,,,254.0,21.8,,,
2015-11-20,7.4,3.9,8.9,,,277.0,22.8,,,
2015-11-21,4.0,1.9,5.9,,,311.0,23.7,,,
2015-11-22,4.8,2.9,7.9,,,328.0,11.6,,,
2015-11-23,3.9,-1.1,6.9,,,,12.5,,,
2015-11-24,8.7,6.9,9.9,,,257.0,23.8,,,
2015-11-25,9.7,8.9,10.9,,,278.0,21.3,,,
2015-11-26,10.2,8.9,11.9,,,266.0,12.8,,,
2015-11-27,9.8,4.9,10.9,,,232.0,22.2,,,
2015-11-28,7.1,3.9,10.9,,,242.0,28.3,,,
2015-11-29,11.0,8.9,11.9,,,254.0,41.2,,,
2015-11-30,11.0,7.9,12.9,,,243.0,32.6,,,
2015-12-01,12.0,10.9,12.9,,,235.0,26.3,,,
2015-12-02,11.9,10.9,12.9,,,204.0,22.3,,,
2015-12-03,12.7,8.9,12.9,,,194.0,28.7,,,
2015-12-04,10.0,6.9,11.9,,,232.0,25.2,,,
2015-12-05,11.2,9.9,11.9,,,211.0,29.9,,,
2015-12-06,12.5,11.9,12.9,,,215.0,21.5,,,
2015-12-07,12.9,11.9,13.9,,,164.0,22.0,,,
2015-12-08,10.7,5.9,12.9,,,221.0,23.5,,,
2015-12-09,,,,,,,,,,
2015-12-10,9.9,7.9,10.9,,,220.0,24.8,,,
2015-12-11,7.9,4.9,8.9,,,253.0,18.6,,,
2015-12-12,10.5,5.9,12.9,,,209.0,24.1,,,
2015-12-13,9.8,6.9,11.9,,,149.0,11.9,,,
2015-12-14,9.7,8.9,10.9,,,129.0,16.7,,,
2015-12-15,12.0,9.9,13.9,,,137.0,16.8,,,
2015-12-16,13.3,11.9,13.9,,,219.0,22.6,,,
2015-12-17,13.0,10.9,14.9,,,206.0,20.3,,,
2015-12-18,12.3,10.9,12.9,,,194.0,20.2,,,
2015-12-19,14.2,12.9,14.9,,,189.0,33.5,,,
2015-12-20,10.7,7.9,14.9,,,217.0,20.7,,,
2015-12-21,9.3,6.9,11.9,,,215.0,23.1,,,
2015-12-22,12.4,9.9,13.9,,,215.0,27.0,,,
2015-12-23,9.4,6.9,10.9,,,211.0,24.6,,,
2015-12-24,8.6,4.9,10.9,,,216.0,29.0,,,
2015-12-25,10.7,4.9,13.9,,,195.0,25.3,,,
2015-12-26,13.7,12.9,14.9,,,213.0,33.5,,,
2015-12-27,13.1,10.9,14.9,,,205.0,21.7,,,
2015-12-28,11.4,9.9,11.9,,,129.0,26.4,,,
2015-12-29,10.3,8.9,11.9,,,188.0,22.5,,,
2015-12-30,11.2,8.9,12.9,,,189.0,34.6,,,
2015-12-31,7.1,4.9,10.9,,,214.0,23.7,,,
2016-01-01,6.6,3.9,8.9,,,126.0,23.2,,,
2016-01-02,9.8,7.9,10.9,,,189.0,26.7,,,
2016-01-03,8.0,5.9,9.9,,,192.0,18.5,,,
2016-01-04,8.1,6.9,8.9,,,203.0,17.2,,,
2016-01-05,7.6,6.9,8.9,,,202.0,10.2,,,
2016-01-06,6.8,5.9,8.9,,,231.0,12.7,,,
2016-01-07,7.4,3.9,10.9,,,239.0,29.5,,,
2016-01-08,6.7,3.9,9.9,,,199.0,14.6,,,
2016-01-09,8.2,5.9,9.9,,,186.0,21.0,,,
2016-01-10,5.4,3.9,5.9,,,215.0,18.9,,,
2016-01-11,5.5,4.9,5.9,,,229.0,14.7,,,
2016-01-12,5.4,4.9,5.9,,,269.0,32.2,,,
2016-01-13,4.6,2.9,6.9,,,234.0,18.4,,,
2016-01-14,3.4,2.9,4.9,,,274.0,19.9,,,
2016-01-15,3.0,0.9,4.9,,,277.0,18.1,,,
2016-01-16,3.0,-0.1,4.9,,,265.0,7.9,,,
2016-01-17,4.9,3.9,5.9,,,147.0,15.6,,,
2016-01-18,4.2,0.9,5.9,,,115.0,20.2,,,
2016-01-19,0.1,-3.1,3.9,,,98.0,9.3,,,
2016-01-20,-0.4,-4.1,3.9,,,104.0,11.4,,,
2016-01-21,5.3,0.9,7.9,,,139.0,21.1,,,
2016-01-22,9.2,6.9,11.9,,,197.0,24.7,,,
2016-01-23,9.2,7.9,10.9,,,193.0,17.1,,,
2016-01-24,12.9,11.9,13.9,,,196.0,18.9,,,
2016-01-25,10.6,6.9,13.9,,,183.0,21.4,,,
2016-01-26,9.9,6.9,11.9,,,205.0,28.8,,,
2016-01-27,10.7,4.9,12.9,,,232.0,29.4,,,
2016-01-28,6.5,2.9,8.9,,,229.0,20.6,,,
2016-01-29,10.7,9.9,11.9,,,227.0,31.6,,,
2016-01-30,6.4,4.9,10.9,,,255.0,25.9,,,
2016-01-31,8.7,3.9,10.9,,,239.0,32.8,,,
2016-02-01,10.7,8.9,12.9,,,245.0,36.7,,,
2016-02-02,7.3,5.9,8.9,,,256.0,29.1,,,
2016-02-03,5.6,3.9,7.9,,,269.0,28.0,,,
2016-02-04,9.0,5.9,9.9,,,248.0,27.1,,,
2016-02-05,9.4,7.9,9.9,,,214.0,22.7,,,
2016-02-06,9.0,5.9,10.9,,,200.0,31.1,,,
2016-02-07,6.4,3.9,9.9,,,217.0,27.5,,,
2016-02-08,7.2,4.9,8.9,,,244.0,42.5,,,
2016-02-09,4.7,2.9,5.9,,,250.0,24.3,,,
2016-02-10,5.3,1.9,7.9,,,270.0,21.6,,,
2016-02-11,4.7,2.9,7.9,,,205.0,7.9,,,
2016-02-12,4.4,1.9,6.9,,,101.0,17.9,,,
2016-02-13,3.5,2.9,3.9,,,62.0,23.8,,,
2016-02-14,3.3,1.9,5.9,,,29.0,19.4,,,
2016-02-15,,,,,,,,,,
2016-02-16,3.7,-1.1,6.9,,,171.0,17.3,,,
2016-02-17,5.9,3.9,6.9,,,196.0,20.0,,,
2016-02-18,,,,,,,,,,
2016-02-19,6.2,1.9,8.9,,,209.0,18.7,,,
2016-02-20,9.7,7.9,10.9,,,252.0,39.8,,,
2016-02-21,10.8,9.9,12.9,,,247.0,36.5,,,
2016-02-22,7.1,2.9,9.9,,,278.0,19.9,,,
2016-02-23,5.0,1.9,8.9,,,325.0,11.3,,,
2016-02-24,2.9,-0.1,6.9,,,43.0,13.9,,,
2016-02-25,3.4,0.9,5.9,,,,7.6,,,
2016-02-26,3.8,0.9,6.9,,,115.0,13.9,,,
2016-02-27,4.2,2.9,6.9,,,56.0,23.3,,,
2016-02-28,3.7,1.9,6.9,,,38.0,20.4,,,
2016-02-29,3.8,-0.1,5.9,,,155.0,12.8,,,
2016-03-01,8.7,5.9,9.9,,,235.0,29.4,,,
2016-03-02,5.5,2.9,6.9,,,275.0,35.4,,,
2016-03-03,6.7,5.9,7.9,,,255.0,22.3,,,
2016-03-04,3.6,1.9,5.9,,,261.0,18.0,,,
2016-03-05,4.2,1.9,7.9,,,350.0,16.3,,,
2016-03-06,3.4,0.9,5.9,,,288.0,13.3,,,
2016-03-07,3.5,-1.1,6.9,,,332.0,12.9,,,
2016-03-08,5.5,1.9,7.9,,,215.0,13.2,,,
2016-03-09,5.9,2.9,7.9,,,348.0,34.1,,,
2016-03-10,5.5,2.9,6.9,,,6.0,13.5,,,
2016-03-11,6.9,5.9,9.9,,,,5.3,,,
2016-03-12,7.7,2.9,10.9,,,,5.2,,,
2016-03-13,7.3,3.9,10.9,,,70.0,14.8,,,
2016-03-14,5.5,1.9,10.9,,,59.0,27.8,,,
2016-03-15,6.0,0.9,11.9,,,51.0,20.6,,,
2016-03-16,7.4,4.9,10.9,,,45.0,24.4,,,
2016-03-17,6.2,2.9,10.9,,,51.0,18.2,,,
2016-03-18,3.9,0.9,5.9,,,46.0,15.7,,,
2016-03-19,6.2,4.9,7.9,,,52.0,22.7,,,
2016-03-20,5.9,4.9,8.9,,,37.0,16.9,,,
2016-03-21,7.2,2.9,11.9,,,,9.9,,,
2016-03-22,7.4,5.9,8.9,,,,6.8,,,
2016-03-23,,,,,,,,,,
2016-03-24,7.7,5.9,8.9,,,222.0,16.8,,,
2016-03-25,9.4,5.9,12.9,,,252.0,15.4,,,
2016-03-26,9.2,5.9,11.9,,,191.0,28.8,,,
2016-03-27,7.1,4.9,10.9,,,199.0,22.9,,,
2016-03-28,7.7,3.9,10.9,,,234.0,31.5,,,
2016-03-29,6.0,3.9,8.9,,,224.0,20.7,,,
2016-03-30,6.8,4.9,9.9,,,242.0,17.7,,,
2016-03-31,7.2,3.9,11.9,,,312.0,10.9,,,
2016-04-01,7.4,3.9,10.9,,,194.0,18.7,,,
2016-04-02,9.9,6.9,12.9,,,162.0,19.1,,,
2016-04-03,9.4,5.9,13.9,,,134.0,14.7,,,
2016-04-04,9.4,7.9,11.9,,,,10.3,,,
2016-04-05,8.9,5.9,12.9,,,259.0,17.9,,,
2016-04-06,8.1,5.9,9.9,,,247.0,30.7,,,
2016-04-07,7.4,4.9,10.9,,,271.0,28.4,,,
2016-04-08,8.8,6.9,10.9,,,256.0,17.2,,,
2016-04-09,6.2,3.9,7.9,,,226.0,15.9,,,
2016-04-10,6.7,1.9,11.9,,,103.0,27.4,,,
2016-04-11,9.2,7.9,11.9,,,,12.0,,,
2016-04-12,10.0,5.9,15.9,,,,8.7,,,
2016-04-13,10.6,4.9,15.9,,,,6.4,,,
2016-04-14,11.3,8.9,14.9,,,133.0,10.3,,,
2016-04-15,9.1,5.9,11.9,,,44.0,14.9,,,
2016-04-16,6.4,3.9,9.9,,,330.0,16.2,,,
2016-04-17,6.7,1.9,10.9,,,,10.2,,,
2016-04-18,7.4,2.9,10.9,,,250.0,18.0,,,
2016-04-19,10.4,7.9,13.9,,,50.0,11.2,,,
2016-04-20,10.3,3.9,16.9,,,78.0,23.2,,,
2016-04-21,10.4,5.9,15.9,,,61.0,26.3,,,
2016-04-22,8.6,6.9,10.9,,,52.0,23.5,,,
2016-04-23,7.6,3.9,11.9,,,19.0,16.8,,,
2016-04-24,8.4,5.9,11.9,,,301.0,15.6,,,
2016-04-25,8.8,5.9,11.9,,,281.0,22.5,,,
2016-04-26,6.0,2.9,9.9,,,315.0,19.4,,,
2016-04-27,5.0,2.9,7.9,,,316.0,12.6,,,
2016-04-28,6.5,0.9,10.9,,,253.0,19.7,,,
2016-04-29,7.2,3.9,9.9,,,270.0,25.9,,,
2016-04-30,7.1,1.9,11.9,,,280.0,17.6,,,
2016-05-01,9.2,3.9,12.9,,,205.0,16.1,,,
2016-05-02,11.0,7.9,13.9,,,225.0,24.1,,,
2016-05-03,9.2,4.9,12.9,,,263.0,19.2,,,
2016-05-04,10.9,4.9,15.9,,,184.0,13.4,,,
2016-05-05,13.5,5.9,19.9,,,128.0,12.3,,,
2016-05-06,14.4,6.9,20.9,,,90.0,13.8,,,
2016-05-07,16.1,11.9,20.9,,,102.0,13.1,,,
2016-05-08,18.0,12.9,23.9,,,100.0,20.1,,,
2016-05-09,17.1,15.9,19.9,,,91.0,16.7,,,
2016-05-10,15.5,13.9,15.9,,,63.0,9.7,,,
2016-05-11,15.4,13.9,16.9,,,,9.9,,,
2016-05-12,17.2,12.9,21.9,,,41.0,18.8,,,
2016-05-13,13.8,8.9,17.9,,,40.0,24.9,,,
2016-05-14,10.3,5.9,14.9,,,22.0,14.5,,,
2016-05-15,11.4,7.9,14.9,,,,11.8,,,
2016-05-16,11.3,6.9,15.9,,,287.0,15.9,,,
2016-05-17,12.0,7.9,14.9,,,225.0,13.9,,,
2016-05-18,12.3,10.9,14.9,,,243.0,20.1,,,
2016-05-19,12.2,7.9,15.9,,,247.0,16.1,,,
2016-05-20,13.5,11.9,15.9,,,223.0,19.8,,,
2016-05-21,12.9,10.9,13.9,,,204.0,20.9,,,
2016-05-22,12.1,8.9,14.9,,,241.0,14.1,,,
2016-05-23,11.9,7.9,15.9,,,287.0,13.0,,,
2016-05-24,12.6,7.9,16.9,,,58.0,20.7,,,
2016-05-25,9.8,5.9,12.9,,,52.0,16.3,,,
2016-05-26,13.0,6.9,17.9,,,,9.7,,,
2016-05-27,14.7,10.9,18.9,,,79.0,14.3,,,
2016-05-28,15.5,10.9,19.9,,,66.0,15.9,,,
2016-05-29,15.1,9.9,19.9,,,37.0,19.5,,,
2016-05-30,15.0,10.9,19.9,,,18.0,17.7,,,
2016-05-31,15.8,11.9,19.9,,,352.0,22.1,,,
2016-06-01,14.0,12.9,15.9,,,19.0,23.0,,,
2016-06-02,12.8,9.9,16.9,,,38.0,25.4,,,
2016-06-03,13.2,7.9,18.9,,,56.0,13.9,,,
2016-06-04,15.5,10.9,19.9,,,,6.5,,,
2016-06-05,19.1,14.9,23.9,,,71.0,13.5,,,
2016-06-06,19.3,13.9,24.9,,,93.0,13.4,,,
2016-06-07,17.2,13.9,20.9,,,237.0,11.5,,,
2016-06-08,17.7,13.9,21.9,,,,7.7,,,
2016-06-09,17.5,12.9,21.9,,,,9.6,,,
2016-06-10,17.4,13.9,20.9,,,119.0,8.7,,,
2016-06-11,16.4,14.9,18.9,,,,6.6,,,
2016-06-12,15.9,13.9,18.9,,,230.0,19.1,,,
2016-06-13,15.5,13.9,18.9,,,254.0,19.6,,,
2016-06-14,14.4,13.9,15.9,,,255.0,24.1,,,
2016-06-15,13.9,11.9,16.9,,,213.0,11.2,,,
2016-06-16,15.0,12.9,18.9,,,,10.3,,,
2016-06-17,14.9,12.9,17.9,,,328.0,12.0,,,
2016-06-18,14.2,10.9,16.9,,,284.0,15.0,,,
2016-06-19,14.7,11.9,16.9,,,220.0,14.8,,,
2016-06-20,16.1,13.9,18.9,,,238.0,20.8,,,
2016-06-21,15.5,13.9,18.9,,,243.0,12.7,,,
2016-06-22,16.5,13.9,18.9,,,189.0,9.7,,,
2016-06-23,16.3,13.9,18.9,,,267.0,14.0,,,
2016-06-24,14.7,12.9,16.9,,,244.0,17.1,,,
2016-06-25,14.9,11.9,16.9,,,270.0,17.6,,,
2016-06-26,14.5,11.9,15.9,,,255.0,18.6,,,
2016-06-27,15.5,12.9,17.9,,,264.0,20.1,,,
2016-06-28,13.8,10.9,16.9,,,209.0,17.1,,,
2016-06-29,13.9,11.9,15.9,,,228.0,20.0,,,
2016-06-30,14.9,12.9,17.9,,,234.0,12.9,,,
2016-07-01,14.3,11.9,15.9,,,245.0,24.8,,,
2016-07-02,13.9,10.9,16.9,,,256.0,28.3,,,
2016-07-03,15.2,10.9,19.9,,,235.0,11.2,,,
2016-07-04,15.2,11.9,17.9,,,221.0,12.3,,,
2016-07-05,15.6,11.9,17.9,,,271.0,21.0,,,
2016-07-06,15.3,11.9,18.9,,,,7.7,,,
2016-07-07,16.5,13.9,19.9,,,229.0,10.4,,,
2016-07-08,16.6,14.9,18.9,,,242.0,21.4,,,
2016-07-09,18.0,14.9,21.9,,,197.0,18.6,,,
2016-07-10,17.5,15.9,19.9,,,222.0,18.7,,,
2016-07-11,15.6,12.9,17.9,,,246.0,25.0,,,
2016-07-12,15.0,11.9,17.9,,,272.0,18.4,,,
2016-07-13,13.7,10.9,17.9,,,276.0,16.6,,,
2016-07-14,14.9,10.9,18.9,,,278.0,15.7,,,
2016-07-15,14.6,11.9,16.9,,,248.0,18.0,,,
2016-07-16,16.9,15.9,19.9,,,255.0,18.9,,,
2016-07-17,18.5,16.9,21.9,,,262.0,19.1,,,
2016-07-18,21.1,14.9,26.9,,,,5.1,,,
2016-07-19,24.2,15.9,30.9,,,111.0,17.6,,,
2016-07-20,20.1,14.9,23.9,,,231.0,23.7,,,
2016-07-21,17.0,13.9,19.9,,,255.0,12.5,,,
2016-07-22,19.4,14.9,23.9,,,,7.7,,,
2016-07-23,17.9,15.9,20.9,,,255.0,13.0,,,
2016-07-24,17.2,14.9,18.9,,,229.0,14.1,,,
2016-07-25,16.6,13.9,19.9,,,257.0,18.2,,,
2016-07-26,16.3,13.9,18.9,,,248.0,14.7,,,
2016-07-27,17.7,14.9,20.9,,,241.0,19.5,,,
2016-07-28,15.9,11.9,19.9,,,245.0,16.1,,,
2016-07-29,16.9,14.9,19.9,,,251.0,19.3,,,
2016-07-30,17.2,14.9,19.9,,,,10.6,,,
2016-07-31,16.0,11.9,19.9,,,273.0,16.3,,,
2016-08-01,14.5,12.9,15.9,,,209.0,14.2,,,
2016-08-02,17.7,15.9,18.9,,,239.0,19.2,,,
2016-08-03,17.7,14.9,20.9,,,242.0,24.1,,,
2016-08-04,16.2,14.9,18.9,,,257.0,27.0,,,
2016-08-05,16.5,13.9,19.9,,,258.0,18.2,,,
2016-08-06,18.2,13.9,21.9,,,251.0,16.7,,,
2016-08-07,17.9,15.9,18.9,,,250.0,29.2,,,
2016-08-08,15.3,11.9,17.9,,,273.0,23.2,,,
2016-08-09,14.3,10.9,17.9,,,301.0,15.5,,,
2016-08-10,14.5,11.9,16.9,,,,,,,
2016-08-11,15.4,13.9,17.9,,,266.0,26.3,,,
2016-08-12,16.8,14.9,18.9,,,255.0,23.3,,,
2016-08-13,16.9,13.9,19.9,,,251.0,19.1,,,
2016-08-14,16.4,12.9,19.9,,,26.0,8.2,,,
2016-08-15,17.9,10.9,23.9,,,96.0,13.0,,,
2016-08-16,18.1,9.9,24.9,,,99.0,12.4,,,
2016-08-17,17.9,11.9,24.9,,,113.0,11.4,,,
2016-08-18,19.0,14.9,21.9,,,,7.8,,,
2016-08-19,16.9,13.9,20.9,,,173.0,16.7,,,
2016-08-20,15.4,13.9,16.9,,,222.0,26.4,,,
2016-08-21,15.8,13.9,17.9,,,251.0,27.2,,,
2016-08-22,18.2,15.9,20.9,,,232.0,13.8,,,
2016-08-23,20.5,14.9,26.9,,,148.0,14.8,,,
2016-08-24,19.0,15.9,21.9,,,325.0,12.5,,,
2016-08-25,17.6,15.9,18.9,,,,8.9,,,
2016-08-26,16.9,12.9,20.9,,,274.0,13.3,,,
2016-08-27,17.3,11.9,21.9,,,83.0,14.2,,,
2016-08-28,18.0,15.9,20.9,,,220.0,12.8,,,
2016-08-29,17.5,13.9,20.9,,,290.0,11.3,,,
2016-08-30,17.8,13.9,22.9,,,217.0,10.4,,,
2016-08-31,16.0,12.9,19.9,,,227.0,14.5,,,
2016-09-01,16.2,13.9,19.9,,,252.0,12.1,,,
2016-09-02,16.1,13.9,18.9,,,231.0,14.1,,,
2016-09-03,16.0,13.9,17.9,,,204.0,18.3,,,
2016-09-04,16.3,14.9,17.9,,,254.0,25.1,,,
2016-09-05,17.5,14.9,18.9,,,221.0,14.8,,,
2016-09-06,20.0,17.9,21.9,,,214.0,8.0,,,
2016-09-07,19.6,16.9,23.9,,,135.0,11.2,,,
2016-09-08,17.5,15.9,18.9,,,222.0,21.9,,,
2016-09-09,17.9,15.9,20.9,,,195.0,22.0,,,
2016-09-10,16.2,12.9,17.9,,,244.0,16.6,,,
2016-09-11,14.8,10.9,18.9,,,184.0,13.4,,,
2016-09-12,18.3,14.9,20.9,,,161.0,20.2,,,
2016-09-13,18.8,15.9,20.9,,,76.0,14.4,,,
2016-09-14,19.4,15.9,24.9,,,110.0,15.5,,,
2016-09-15,18.6,14.9,23.9,,,,9.1,,,
2016-09-16,15.6,12.9,16.9,,,298.0,20.0,,,
2016-09-17,14.8,10.9,18.9,,,331.0,13.4,,,
2016-09-18,15.3,11.9,18.9,,,,10.6,,,
2016-09-19,15.1,13.9,15.9,,,,10.0,,,
2016-09-20,13.9,11.9,15.9,,,,8.0,,,
2016-09-21,15.5,12.9,18.9,,,150.0,11.5,,,
2016-09-22,13.9,11.9,15.9,,,244.0,12.5,,,
2016-09-23,13.9,9.9,17.9,,,199.0,12.9,,,
2016-09-24,17.0,13.9,18.9,,,173.0,20.8,,,
2016-09-25,14.2,11.9,16.9,,,227.0,18.4,,,
2016-09-26,13.9,11.9,15.9,,,178.0,15.5,,,
2016-09-27,15.8,13.9,18.9,,,202.0,17.7,,,
2016-09-28,16.2,12.9,18.9,,,236.0,17.3,,,
2016-09-29,15.5,12.9,17.9,,,245.0,25.4,,,
2016-09-30,12.7,10.9,15.9,,,228.0,14.4,,,
2016-10-01,11.2,8.9,13.9,,,196.0,13.8,,,
2016-10-02,11.4,7.9,14.9,,,,8.6,,,
2016-10-03,11.9,7.9,16.9,,,114.0,13.4,,,
2016-10-04,12.7,8.9,16.9,,,93.0,20.2,,,
2016-10-05,12.9,8.9,16.9,,,78.0,24.5,,,
2016-10-06,10.0,6.9,13.9,,,60.0,17.5,,,
2016-10-07,11.1,7.9,13.9,,,61.0,13.3,,,
2016-10-08,12.6,10.9,14.9,,,33.0,13.7,,,
2016-10-09,11.1,8.9,13.9,,,21.0,13.5,,,
2016-10-10,9.5,5.9,12.9,,,28.0,11.6,,,
2016-10-11,9.2,4.9,14.9,,,57.0,14.3,,,
2016-10-12,11.6,8.9,14.9,,,55.0,18.4,,,
2016-10-13,9.7,6.9,12.9,,,46.0,17.1,,,
2016-10-14,9.7,5.9,13.9,,,73.0,14.0,,,
2016-10-15,10.8,8.9,14.9,,,147.0,14.8,,,
2016-10-16,12.8,9.9,15.9,,,162.0,17.2,,,
2016-10-17,12.3,10.9,14.9,,,221.0,16.4,,,
2016-10-18,10.8,8.9,12.9,,,253.0,21.9,,,
2016-10-19,10.5,8.9,13.9,,,290.0,13.5,,,
2016-10-20,10.0,7.9,11.9,,,351.0,12.1,,,
2016-10-21,9.6,6.9,12.9,,,22.0,10.7,,,
2016-10-22,7.8,5.9,10.9,,,55.0,11.8,,,
2016-10-23,8.3,5.9,11.9,,,65.0,23.8,,,
2016-10-24,9.1,7.9,9.9,,,65.0,20.9,,,
2016-10-25,10.9,9.9,12.9,,,,10.2,,,
2016-10-26,12.0,9.9,13.9,,,216.0,10.7,,,
2016-10-27,11.5,6.9,13.9,,,226.0,13.0,,,
2016-10-28,13.1,11.9,14.9,,,257.0,18.8,,,
2016-10-29,12.7,11.9,12.9,,,,6.2,,,
2016-10-30,12.4,8.9,14.9,,,99.0,10.0,,,
2016-10-31,10.6,7.9,14.9,,,85.0,13.2,,,
2016-11-01,10.0,7.9,10.9,,,51.0,15.1,,,
2016-11-02,7.3,4.9,10.9,,,331.0,7.4,,,
2016-11-03,7.9,4.9,10.9,,,188.0,9.2,,,
2016-11-04,8.0,4.9,9.9,,,247.0,10.2,,,
2016-11-05,5.9,3.9,8.9,,,322.0,15.1,,,
2016-11-06,4.7,1.9,7.9,,,326.0,16.5,,,
2016-11-07,5.3,3.9,7.9,,,352.0,17.8,,,
2016-11-08,5.4,2.9,7.9,,,186.0,9.5,,,
2016-11-09,7.9,5.9,9.9,,,284.0,22.7,,,
2016-11-10,8.3,5.9,10.9,,,269.0,19.5,,,
2016-11-11,7.2,4.9,9.9,,,,11.4,,,
2016-11-12,11.3,8.9,13.9,,,207.0,15.8,,,
2016-11-13,9.0,6.9,11.9,,,294.0,10.8,,,
2016-11-14,11.7,9.9,12.9,,,252.0,25.7,,,
2016-11-15,12.9,12.9,12.9,,,252.0,24.9,,,
2016-11-16,10.9,7.9,12.9,,,247.0,21.6,,,
2016-11-17,7.6,3.9,10.9,,,232.0,23.4,,,
2016-11-18,3.9,2.9,4.9,,,225.0,15.9,,,
2016-11-19,4.7,2.9,5.9,,,198.0,16.3,,,
2016-11-20,5.4,2.9,6.9,,,8.0,21.3,,,
2016-11-21,6.9,4.9,9.9,,,72.0,20.6,,,
2016-11-22,7.0,5.9,8.9,,,20.0,8.0,,,
2016-11-23,,,,,,,,,,
2016-11-24,8.0,5.9,8.9,,,52.0,33.4,,,
2016-11-25,5.9,3.9,8.9,,,36.0,28.0,,,
2016-11-26,5.9,4.9,7.9,,,42.0,21.1,,,
2016-11-27,6.1,3.9,7.9,,,52.0,19.3,,,
2016-11-28,5.4,1.9,7.9,,,67.0,18.6,,,
2016-11-29,0.9,-3.1,4.9,,,64.0,13.1,,,
2016-11-30,1.9,-3.1,7.9,,,,6.1,,,
2016-12-01,2.7,-1.1,5.9,,,,5.1,,,
2016-12-02,4.8,1.9,6.9,,,29.0,7.6,,,
2016-12-03,4.6,1.9,6.9,,,65.0,15.2,,,
2016-12-04,2.4,0.9,5.9,,,68.0,22.0,,,
2016-12-05,3.7,1.9,5.9,,,75.0,14.8,,,
2016-12-06,9.0,6.9,10.9,,,134.0,11.9,,,
2016-12-07,12.0,10.9,13.9,,,185.0,18.7,,,
2016-12-08,12.9,11.9,13.9,,,206.0,16.1,,,
2016-12-09,12.4,11.9,12.9,,,187.0,18.4,,,
2016-12-10,10.5,6.9,12.9,,,237.0,11.5,,,
2016-12-11,7.2,5.9,9.9,,,232.0,12.2,,,
2016-12-12,8.6,5.9,11.9,,,167.0,13.6,,,
2016-12-13,11.3,6.9,12.9,,,165.0,13.6,,,
2016-12-14,10.4,8.9,11.9,,,142.0,18.5,,,
2016-12-15,10.4,9.9,11.9,,,142.0,17.4,,,
2016-12-16,8.8,6.9,9.9,,,120.0,10.3,,,
2016-12-17,8.2,4.9,9.9,,,,5.4,,,
2016-12-18,6.3,4.9,7.9,,,255.0,7.5,,,
2016-12-19,6.2,4.9,7.9,,,2.0,8.1,,,
2016-12-20,5.4,3.9,6.9,,,119.0,14.6,,,
2016-12-21,8.4,5.9,10.9,,,219.0,14.9,,,
2016-12-22,6.8,4.9,8.9,,,225.0,11.9,,,
2016-12-23,8.8,5.9,10.9,,,215.0,23.4,,,
2016-12-24,8.5,6.9,9.9,,,242.0,23.9,,,
2016-12-25,11.2,9.9,12.9,,,237.0,26.2,,,
2016-12-26,6.4,3.9,9.9,,,265.0,20.7,,,
2016-12-27,3.5,0.9,6.9,,,,7.0,,,
2016-12-28,4.3,0.9,6.9,,,111.0,13.3,,,
2016-12-29,6.5,4.9,9.9,,,,7.9,,,
2016-12-30,6.7,3.9,8.9,,,225.0,8.2,,,
2016-12-31,7.2,4.9,7.9,,,202.0,9.6,,,
2017-01-01,5.6,1.9,7.9,,,20.0,22.6,,,
2017-01-02,1.8,0.9,3.9,,,13.0,16.7,,,
2017-01-03,2.9,-0.1,5.9,,,257.0,17.4,,,
2017-01-04,5.2,0.9,7.9,,,281.0,15.8,,,
2017-01-05,1.6,-2.1,4.9,,,97.0,10.5,,,
2017-01-06,5.7,2.9,7.9,,,187.0,12.9,,,
2017-01-07,9.8,8.9,10.9,,,255.0,12.4,,,
2017-01-08,9.2,6.9,9.9,,,241.0,8.2,,,
2017-01-09,7.7,5.9,8.9,,,233.0,20.5,,,
2017-01-10,7.2,4.9,8.9,,,268.0,26.1,,,
2017-01-11,8.2,5.9,9.9,,,272.0,35.2,,,
2017-01-12,4.4,0.9,6.9,,,258.0,20.0,,,
2017-01-13,2.7,0.9,4.9,,,282.0,24.1,,,
2017-01-14,4.0,0.9,6.9,,,269.0,17.7,,,
2017-01-15,7.9,5.9,9.9,,,279.0,17.5,,,
2017-01-16,9.0,7.9,9.9,,,322.0,10.4,,,
2017-01-17,5.4,4.9,7.9,,,129.0,9.5,,,
2017-01-18,4.2,1.9,5.9,,,,6.5,,,
2017-01-19,2.4,-0.1,5.9,,,63.0,14.5,,,
2017-01-20,1.6,-0.1,4.9,,,63.0,18.1,,,
2017-01-21,-0.5,-4.1,2.9,,,82.0,11.1,,,
2017-01-22,4.2,0.9,7.9,,,147.0,13.4,,1024.9,
2017-01-23,5.4,3.9,7.9,,,,6.2,,1026.8,
2017-01-24,5.5,2.9,8.9,,,197.0,10.1,,1026.5,
2017-01-25,5.4,1.9,8.9,,,150.0,14.8,,1024.4,
2017-01-26,1.4,-0.1,1.9,,,122.0,23.8,,,
2017-01-27,4.5,0.9,6.9,,,120.0,18.7,,1006.3,
2017-01-28,5.9,3.9,7.9,,,213.0,18.0,,1008.7,
2017-01-29,7.2,3.9,9.9,,,189.0,16.2,,1008.7,
2017-01-30,9.2,8.9,10.9,,,117.0,15.4,,1009.0,
2017-01-31,11.2,9.9,11.9,,,156.0,18.5,,1008.8,
2017-02-01,10.0,8.9,10.9,,,175.0,18.1,,1003.2,
2017-02-02,10.8,8.9,11.9,,,170.0,38.8,,990.5,
2017-02-03,6.7,3.9,7.9,,,174.0,24.8,,990.8,
2017-02-04,5.1,3.9,7.9,,,192.0,12.3,,995.5,
2017-02-05,3.3,0.9,5.9,,,6.0,11.5,,,
2017-02-06,4.8,2.9,6.9,,,160.0,17.4,,1013.8,
2017-02-07,6.9,4.9,9.9,,,240.0,12.9,,1014.5,
2017-02-08,3.9,1.9,5.9,,,354.0,11.7,,1026.3,
2017-02-09,1.4,0.9,2.9,,,70.0,15.9,,,
2017-02-10,1.4,-0.1,2.9,,,40.0,17.6,,,
2017-02-11,1.4,0.9,1.9,,,12.0,19.3,,,
2017-02-12,2.9,1.9,4.9,,,55.0,26.7,,1020.4,
2017-02-13,6.2,3.9,10.9,,,76.0,27.4,,1017.5,
2017-02-14,5.7,2.9,8.9,,,96.0,19.3,,1020.5,
2017-02-15,9.1,7.9,9.9,,,184.0,15.1,,1026.0,
2017-02-16,8.6,6.9,10.9,,,239.0,15.8,,1028.8,
2017-02-17,8.5,6.9,10.9,,,202.0,9.8,,1026.7,
2017-02-18,7.9,5.9,11.9,,,179.0,11.5,,1023.4,
2017-02-19,8.9,6.9,10.9,,,250.0,21.4,,1022.1,
2017-02-20,9.6,8.9,10.9,,,252.0,24.8,,1020.1,
2017-02-21,9.8,8.9,10.9,,,251.0,29.9,,1016.3,
2017-02-22,10.2,9.9,10.9,,,248.0,38.3,,1008.7,
2017-02-23,8.2,3.9,10.9,,,259.0,37.4,,1000.5,
2017-02-24,5.8,3.9,8.9,,,259.0,17.2,,1016.7,
2017-02-25,8.7,6.9,9.9,,,211.0,21.8,,1010.8,
2017-02-26,9.2,7.9,10.9,,,222.0,22.8,,1003.6,
2017-02-27,5.6,1.9,7.9,,,212.0,18.7,,987.3,
2017-02-28,4.8,1.9,7.9,,,249.0,27.5,,989.6,
2017-03-01,6.5,5.9,7.9,,,238.0,22.1,,998.3,
2017-03-02,7.3,4.9,9.9,,,237.0,31.0,,1008.3,
2017-03-03,8.4,6.9,9.9,,,146.0,20.2,,993.8,
2017-03-04,7.1,4.9,9.9,,,206.0,18.8,,987.7,
2017-03-05,6.7,4.9,8.9,,,237.0,29.1,,990.9,
2017-03-06,5.9,3.9,7.9,,,255.0,17.9,,1006.1,
2017-03-07,6.4,2.9,8.9,,,217.0,15.5,,1015.5,
2017-03-08,9.9,8.9,10.9,,,231.0,17.5,,1012.6,
2017-03-09,10.4,6.9,12.9,,,241.0,17.6,,1021.3,
2017-03-10,11.1,8.9,13.9,,,173.0,13.0,,1022.6,
2017-03-11,11.4,8.9,13.9,,,155.0,13.6,,1015.9,
2017-03-12,9.6,6.9,10.9,,,264.0,13.9,,1016.2,
2017-03-13,7.9,3.9,11.9,,,259.0,14.6,,1029.6,
2017-03-14,10.1,8.9,12.9,,,256.0,23.2,,1032.8,
2017-03-15,9.3,4.9,12.9,,,,7.9,,1032.0,
2017-03-16,8.0,4.9,9.9,,,237.0,15.9,,1022.4,
2017-03-17,7.4,3.9,9.9,,,260.0,27.8,,1017.3,
2017-03-18,9.9,9.9,9.9,,,255.0,37.1,,1012.3,
2017-03-19,10.5,9.9,11.9,,,247.0,30.5,,1009.3,
2017-03-20,9.7,6.9,10.9,,,234.0,23.4,,1003.8,
2017-03-21,6.5,3.9,9.9,,,228.0,21.2,,1007.3,
2017-03-22,6.2,2.9,8.9,,,177.0,14.3,,1003.6,
2017-03-23,6.5,2.9,10.9,,,40.0,26.1,,1014.9,
2017-03-24,8.2,5.9,12.9,,,50.0,27.4,,1027.7,
2017-03-25,8.4,2.9,14.9,,,47.0,26.8,,1027.9,
2017-03-26,10.0,3.9,16.9,,,65.0,25.6,,1022.1,
2017-03-27,7.6,4.9,11.9,,,59.0,19.4,,,
2017-03-28,10.2,5.9,14.9,,,159.0,18.6,,,
2017-03-29,12.0,10.9,12.9,,,190.0,19.1,,,
2017-03-30,14.2,11.9,17.9,,,173.0,19.9,,,
2017-03-31,12.3,10.9,14.9,,,182.0,18.6,,1007.2,
2017-04-01,10.6,7.9,13.9,,,229.0,16.6,,,
2017-04-02,9.8,6.9,13.9,,,,7.6,,1022.4,
2017-04-03,10.2,6.9,13.9,,,188.0,14.2,,1023.5,
2017-04-04,10.8,7.9,13.9,,,318.0,14.3,,,
2017-04-05,9.2,3.9,12.9,,,319.0,11.8,,,
2017-04-06,9.6,5.9,13.9,,,,9.9,,1030.8,
2017-04-07,10.3,3.9,15.9,,,,8.6,,1026.7,
2017-04-08,13.0,6.9,19.9,,,150.0,9.9,,1022.4,
2017-04-09,13.3,8.9,19.9,,,194.0,19.6,,1019.9,
2017-04-10,10.2,7.9,12.9,,,307.0,13.2,,1026.0,
2017-04-11,9.2,5.9,12.9,,,271.0,16.1,,1027.8,
2017-04-12,9.9,6.9,12.9,,,258.0,27.0,,1020.2,
2017-04-13,8.8,5.9,10.9,,,282.0,12.5,,1018.6,
2017-04-14,9.6,5.9,12.9,,,251.0,18.3,,1017.1,
2017-04-15,9.4,6.9,11.9,,,271.0,20.2,,1019.2,
2017-04-16,9.2,5.9,11.9,,,255.0,20.4,,1022.7,
2017-04-17,10.8,8.9,12.9,,,,12.4,,1022.8,
2017-04-18,8.6,4.9,12.9,,,39.0,14.1,,1030.7,
2017-04-19,8.8,1.9,12.9,,,76.0,9.3,,1035.5,
2017-04-20,10.0,7.9,12.9,,,234.0,10.4,,1035.3,
2017-04-21,12.1,9.9,14.9,,,309.0,9.5,,1032.2,
2017-04-22,12.4,9.9,15.9,,,333.0,10.5,,1028.9,
2017-04-23,10.5,5.9,14.9,,,,11.3,,1025.7,
2017-04-24,9.5,5.9,11.9,,,271.0,17.1,,1017.0,
2017-04-25,5.8,1.9,10.9,,,332.0,15.7,,1014.8,
2017-04-26,6.4,2.9,10.9,,,8.0,15.8,,1018.7,
2017-04-27,7.2,2.9,10.9,,,280.0,14.9,,1019.7,
2017-04-28,9.1,4.9,12.9,,,277.0,14.6,,1017.2,
2017-04-29,10.2,6.9,13.9,,,146.0,14.7,,1012.4,
2017-04-30,11.3,9.9,15.9,,,101.0,22.1,,999.1,
2017-05-01,10.6,7.9,14.9,,,61.0,12.8,,1003.2,
2017-05-02,11.7,5.9,16.9,,,42.0,12.6,,1018.5,
2017-05-03,10.2,6.9,12.9,,,34.0,22.7,,1022.8,
2017-05-04,11.7,8.9,16.9,,,44.0,23.2,,1022.2,
2017-05-05,11.7,7.9,15.9,,,66.0,31.5,,1019.3,
2017-05-06,11.3,8.9,14.9,,,49.0,25.0,,1013.0,
2017-05-07,11.6,7.9,16.9,,,331.0,11.5,,1021.1,
2017-05-08,10.7,5.9,14.9,,,50.0,17.5,,1026.4,
2017-05-09,9.9,5.9,14.9,,,62.0,15.3,,1022.0,
2017-05-10,11.2,3.9,17.9,,,98.0,11.4,,1007.2,
2017-05-11,13.1,5.9,19.9,,,104.0,15.7,,994.9,
2017-05-12,13.5,11.9,15.9,,,170.0,15.5,,995.3,
2017-05-13,13.2,10.9,16.9,,,198.0,17.9,,1005.8,
2017-05-14,12.8,9.9,15.9,,,223.0,15.1,,1017.3,
2017-05-15,13.6,10.9,14.9,,,175.0,21.1,,1021.1,
2017-05-16,15.4,14.9,15.9,,,185.0,17.3,,1021.8,
2017-05-17,12.4,9.9,14.9,,,239.0,12.1,,1016.8,
2017-05-18,11.6,7.9,14.9,,,259.0,15.4,,1012.6,
2017-05-19,11.7,7.9,15.9,,,259.0,15.8,,1012.1,
2017-05-20,10.6,6.9,13.9,,,227.0,12.8,,1016.6,
2017-05-21,13.4,8.9,17.9,,,170.0,14.1,,1021.5,
2017-05-22,15.8,11.9,22.9,,,162.0,19.7,,1015.5,
2017-05-23,14.7,11.9,17.9,,,250.0,17.3,,1021.6,
2017-05-24,17.7,12.9,22.9,,,,8.5,,1025.9,
2017-05-25,20.8,14.9,25.9,,,110.0,12.5,,1022.7,
2017-05-26,20.4,14.9,25.9,,,103.0,20.9,,1016.1,
2017-05-27,16.7,12.9,19.9,,,188.0,21.4,,1012.7,
2017-05-28,16.7,12.9,20.9,,,85.0,11.3,,1017.2,
2017-05-29,16.2,13.9,18.9,,,107.0,12.2,,1012.1,
2017-05-30,15.0,12.9,17.9,,,252.0,18.2,,1015.9,
2017-05-31,16.5,13.9,19.9,,,206.0,10.5,,1021.8,
2017-06-01,17.3,10.9,22.9,,,,11.3,,1020.1,
2017-06-02,15.5,12.9,18.9,,,,8.9,,1016.6,
2017-06-03,13.7,8.9,17.9,,,265.0,18.6,,1015.6,
2017-06-04,13.0,9.9,15.9,,,232.0,15.7,,1015.5,
2017-06-05,12.9,10.9,14.9,,,182.0,25.1,,1003.7,
2017-06-06,12.5,10.9,13.9,,,256.0,41.8,,997.7,
2017-06-07,13.4,10.9,16.9,,,248.0,29.3,,1011.7,
2017-06-08,14.6,12.9,17.9,,,206.0,20.5,,1007.8,
2017-06-09,14.3,11.9,17.9,,,237.0,18.2,,1010.8,
2017-06-10,16.1,12.9,18.9,,,187.0,21.6,,1014.2,
2017-06-11,15.6,13.9,18.9,,,229.0,22.9,,1013.9,
2017-06-12,14.4,11.9,16.9,,,256.0,29.0,,1018.0,
2017-06-13,15.7,10.9,20.9,,,262.0,10.4,,1019.8,
2017-06-14,18.9,12.9,23.9,,,141.0,12.4,,1016.3,
2017-06-15,15.4,12.9,17.9,,,248.0,24.1,,1015.8,
2017-06-16,15.7,12.9,18.9,,,259.0,22.9,,1024.8,
2017-06-17,18.5,13.9,24.9,,,244.0,16.0,,1027.6,
2017-06-18,22.4,14.9,28.9,,,,7.8,,1023.9,
2017-06-19,24.8,19.9,29.9,,,,7.8,,1019.5,
2017-06-20,24.2,18.9,29.9,,,55.0,12.0,,1017.6,
2017-06-21,23.9,17.9,31.9,,,107.0,14.8,,1014.2,
2017-06-22,17.3,14.9,19.9,,,256.0,26.1,,1013.3,
2017-06-23,16.7,13.9,18.9,,,254.0,28.7,,1016.6,
2017-06-24,16.0,13.9,17.9,,,255.0,22.4,,1014.5,
2017-06-25,15.8,13.9,18.9,,,254.0,25.4,,1013.3,
2017-06-26,16.9,11.9,19.9,,,,8.8,,1013.6,
2017-06-27,16.9,14.9,18.9,,,,6.4,,1006.4,
2017-06-28,15.2,12.9,15.9,,,,13.3,,998.2,
2017-06-29,13.3,10.9,14.9,,,,9.1,,997.0,
2017-06-30,15.2,11.9,17.9,,,,,,1005.5,
2017-07-01,16.0,13.9,18.9,,,275.0,21.5,,1017.4,
2017-07-02,16.9,12.9,20.9,,,276.0,15.4,,1021.8,
2017-07-03,16.5,13.9,19.9,,,250.0,21.0,,1021.2,
2017-07-04,17.0,14.9,20.9,,,246.0,11.5,,1020.5,
2017-07-05,20.1,13.9,26.9,,,,7.5,,1018.5,
2017-07-06,21.0,15.9,26.9,,,,12.0,,1015.2,
2017-07-07,17.9,14.9,21.9,,,254.0,20.3,,1017.5,
2017-07-08,19.0,14.9,24.9,,,281.0,10.6,,1019.0,
2017-07-09,20.1,15.9,24.9,,,255.0,12.3,,1013.3,
2017-07-10,16.7,14.9,19.9,,,258.0,19.4,,1010.2,
2017-07-11,15.5,13.9,17.9,,,193.0,12.5,,1008.1,
2017-07-12,16.4,12.9,20.9,,,39.0,15.3,,1015.3,
2017-07-13,17.7,14.9,21.9,,,216.0,13.5,,1021.2,
2017-07-14,16.7,13.9,18.9,,,272.0,20.4,,1021.1,
2017-07-15,16.5,13.9,18.9,,,244.0,17.2,,1022.3,
2017-07-16,18.5,16.9,20.9,,,260.0,21.2,,1023.7,
2017-07-17,18.8,11.9,23.9,,,51.0,12.9,,1023.4,
2017-07-18,21.4,15.9,26.9,,,80.0,18.5,,1015.2,
2017-07-19,18.8,16.9,20.9,,,160.0,15.1,,1005.0,
2017-07-20,16.1,13.9,17.9,,,258.0,20.4,,1008.0,
2017-07-21,15.1,12.9,16.9,,,171.0,23.9,,1004.3,
2017-07-22,14.3,11.9,16.9,,,170.0,12.2,,1006.4,
2017-07-23,14.7,10.9,18.9,,,251.0,14.0,,1011.9,
2017-07-24,18.4,13.9,22.9,,,294.0,17.7,,1015.8,
2017-07-25,18.8,13.9,23.9,,,,10.3,,1016.2,
2017-07-26,16.8,14.9,18.9,,,222.0,20.5,,1007.1,
2017-07-27,15.5,13.9,17.9,,,238.0,20.9,,1006.5,
2017-07-28,15.9,12.9,17.9,,,211.0,21.5,,1006.8,
2017-07-29,15.4,13.9,17.9,,,203.0,14.7,,1007.1,
2017-07-30,14.9,12.9,17.9,,,,13.8,,1005.8,
2017-07-31,15.4,12.9,18.9,,,215.0,14.6,,1010.6,
2017-08-01,15.9,12.9,18.9,,,213.0,13.4,,1013.9,
2017-08-02,16.5,14.9,18.9,,,180.0,20.3,,1009.0,
2017-08-03,16.5,14.9,17.9,,,228.0,25.0,,1006.3,
2017-08-04,16.0,13.9,18.9,,,238.0,17.9,,1011.5,
2017-08-05,15.6,12.9,18.9,,,265.0,18.5,,1017.7,
2017-08-06,15.5,11.9,18.9,,,233.0,14.0,,1021.8,
2017-08-07,15.9,14.9,17.9,,,238.0,13.3,,1017.1,
2017-08-08,14.5,11.9,16.9,,,,,,1012.5,
2017-08-09,14.5,11.9,18.9,,,344.0,17.9,,1017.6,
2017-08-10,15.6,11.9,19.9,,,323.0,14.7,,1024.7,
2017-08-11,14.6,9.9,17.9,,,235.0,15.8,,1019.4,
2017-08-12,16.2,12.9,18.9,,,262.0,22.0,,1017.0,
2017-08-13,15.7,11.9,18.9,,,,7.0,,1021.1,
2017-08-14,15.7,12.9,20.9,,,169.0,13.2,,1016.4,
2017-08-15,16.2,13.9,19.9,,,,,,1015.8,
2017-08-16,15.9,11.9,19.9,,,180.0,16.1,,1017.6,
2017-08-17,17.7,15.9,20.9,,,227.0,19.6,,1010.8,
2017-08-18,15.1,12.9,16.9,,,243.0,24.6,,1010.8,
2017-08-19,14.8,11.9,17.9,,,260.0,27.5,,1018.1,
2017-08-20,14.9,12.9,17.9,,,203.0,13.1,,1022.3,
2017-08-21,18.5,15.9,21.9,,,249.0,10.4,,1020.5,
2017-08-22,19.0,16.9,22.9,,,112.0,14.0,,1017.4,
2017-08-23,17.2,14.9,19.9,,,256.0,19.2,,1014.0,
2017-08-24,15.8,13.9,18.9,,,241.0,14.8,,1017.0,
2017-08-25,16.4,12.9,20.9,,,,7.4,,1017.1,
2017-08-26,17.7,14.9,20.9,,,,7.2,,1016.9,
2017-08-27,19.1,13.9,24.9,,,,10.4,,1018.5,
2017-08-28,18.9,15.9,23.9,,,243.0,9.4,,1017.8,
2017-08-29,16.9,13.9,19.9,,,264.0,14.5,,1014.5,
2017-08-30,13.3,11.9,16.9,,,,10.2,,1014.3,
2017-08-31,14.3,11.9,17.9,,,241.0,11.5,,1017.1,
2017-09-01,14.6,10.9,18.9,,,347.0,13.4,,1022.3,
2017-09-02,14.6,10.9,18.9,,,,8.6,,1021.9,
2017-09-03,14.3,11.9,16.9,,,143.0,20.1,,1010.0,
2017-09-04,17.8,15.9,19.9,,,219.0,11.1,,1011.0,
2017-09-05,16.8,13.9,18.9,,,215.0,17.0,,1013.2,
2017-09-06,15.3,13.9,17.9,,,270.0,22.3,,1019.5,
2017-09-07,15.2,12.9,17.9,,,228.0,15.8,,1013.9,
2017-09-08,14.9,12.9,17.9,,,244.0,19.9,,1000.2,
2017-09-09,13.4,10.9,16.9,,,276.0,18.7,,998.8,
2017-09-10,13.1,10.9,14.9,,,234.0,22.0,,998.3,
2017-09-11,14.0,11.9,15.9,,,259.0,32.2,,994.8,
2017-09-12,13.5,10.9,16.9,,,243.0,24.1,,1003.6,
2017-09-13,13.0,9.9,15.9,,,251.0,30.1,,999.8,
2017-09-14,11.9,8.9,15.9,,,275.0,22.5,,1009.6,
2017-09-15,11.5,8.9,14.9,,,299.0,13.1,,1013.8,
2017-09-16,10.9,8.9,14.9,,,348.0,9.1,,1012.2,
2017-09-17,11.4,7.9,14.9,,,16.0,13.5,,1014.4,
2017-09-18,12.3,8.9,15.9,,,312.0,10.7,,1018.5,
2017-09-19,12.9,8.9,16.9,,,,8.9,,1021.3,
2017-09-20,14.3,11.9,17.9,,,193.0,15.4,,1017.3,
2017-09-21,14.3,9.8,16.3,,,211.0,19.9,,1014.3,
2017-09-22,12.2,6.3,17.9,,,166.0,13.1,,1020.1,
2017-09-23,15.8,13.7,19.3,,,171.0,16.1,,1019.8,
2017-09-24,15.7,12.2,20.2,,,133.0,10.8,,1017.7,
2017-09-25,15.4,14.4,16.8,,,35.0,5.7,,1019.6,
2017-09-26,15.6,13.2,19.2,,,79.0,6.8,,1022.0,
2017-09-27,15.7,13.9,18.7,,,137.0,14.4,,1017.5,
2017-09-28,15.2,12.2,18.7,,,212.0,13.3,,1017.2,
2017-09-29,14.9,11.7,17.2,,,215.0,16.8,,1015.3,
2017-09-30,13.7,11.4,16.4,,,190.0,17.2,,1014.9,
2017-10-01,15.5,14.9,17.9,,,213.0,20.9,,1009.6,
2017-10-02,13.8,11.9,14.9,,,262.0,31.1,,1014.0,
2017-10-03,11.5,8.9,14.9,,,279.0,15.2,,1023.4,
2017-10-04,12.4,9.9,14.9,,,245.0,21.7,,1022.4,
2017-10-05,13.6,9.9,15.9,,,282.0,24.7,,1019.3,
2017-10-06,11.1,7.9,14.9,,,271.0,12.2,,1026.5,
2017-10-07,13.3,11.9,15.9,,,248.0,22.3,,1019.2,
2017-10-08,14.0,11.9,16.9,,,275.0,9.5,,1020.5,
2017-10-09,13.6,12.9,15.9,,,238.0,12.2,,1019.0,
2017-10-10,14.1,12.9,15.9,,,228.0,17.0,,1014.8,
2017-10-11,14.4,12.9,15.9,,,219.0,22.9,,1010.4,
2017-10-12,13.3,10.9,15.9,,,226.0,15.0,,1019.0,
2017-10-13,16.4,13.9,18.9,,,203.0,18.4,,1020.8,
2017-10-14,16.3,13.9,17.9,,,203.0,14.3,,1022.8,
2017-10-15,15.6,13.9,16.9,,,177.0,17.7,,1016.6,
2017-10-16,16.8,12.9,18.9,,,185.0,27.4,,1013.0,
2017-10-17,12.0,9.9,13.9,,,203.0,14.9,,1017.8,
2017-10-18,10.8,9.9,11.9,,,80.0,12.3,,1011.2,
2017-10-19,12.4,9.9,14.9,,,134.0,16.9,,1001.4,
2017-10-20,12.6,10.9,13.9,,,218.0,28.9,,1002.4,
2017-10-21,12.7,10.9,14.9,,,216.0,31.7,,999.8,
2017-10-22,11.0,8.9,12.9,,,271.0,35.1,,1014.3,
2017-10-23,13.5,10.9,15.9,,,214.0,13.6,,1016.8,
2017-10-24,15.9,13.9,17.9,,,211.0,19.1,,1016.9,
2017-10-25,13.6,11.9,14.9,,,238.0,14.0,,1020.0,
2017-10-26,13.4,9.9,14.9,,,,9.3,,1024.5,
2017-10-27,11.7,8.9,13.9,,,347.0,10.9,,1033.0,
2017-10-28,11.1,7.9,13.9,,,265.0,25.4,,1028.3,
2017-10-29,12.4,6.9,14.9,,,331.0,17.8,,1024.2,
2017-10-30,6.8,2.9,10.9,,,,8.6,,1030.4,
2017-10-31,10.3,7.9,12.9,,,235.0,14.0,,1025.3,
2017-11-01,11.2,8.9,14.9,,,,7.6,,1018.1,
2017-11-02,9.9,6.9,12.9,,,,5.2,,1015.7,
2017-11-03,10.0,6.9,12.9,,,118.0,6.4,,1012.3,
2017-11-04,10.3,6.9,12.9,,,270.0,15.8,,1005.5,
2017-11-05,6.9,4.9,9.9,,,281.0,18.2,,1016.1,
2017-11-06,8.4,4.9,10.9,,,209.0,10.7,,1023.5,
2017-11-07,9.5,4.9,11.9,,,239.0,17.2,,1016.3,
2017-11-08,6.1,2.9,8.9,,,308.0,10.7,,1023.8,
2017-11-09,10.5,7.9,13.9,,,,,,1023.8,
2017-11-10,10.4,7.9,11.9,,,266.0,23.2,,1020.6,
2017-11-11,10.5,8.2,13.2,,,270.0,15.1,,1012.1,
2017-11-12,7.0,3.2,8.7,,,324.0,10.2,,1015.2,
2017-11-13,5.1,-0.3,7.9,,,254.0,6.0,,1027.0,
2017-11-14,9.8,7.2,11.2,,,225.0,15.7,,1023.7,
2017-11-15,11.4,10.4,13.4,,,239.0,6.8,,1023.9,
2017-11-16,9.9,3.7,12.7,,,262.0,12.9,,1023.7,
2017-11-17,4.4,-0.3,9.2,,,230.0,3.8,,1029.7,
2017-11-18,8.5,3.9,11.9,,,249.0,12.7,,1023.5,
2017-11-19,6.7,2.7,9.9,,,242.0,5.8,,1023.8,
2017-11-20,11.3,9.4,12.4,,,237.0,26.9,,1015.6,
2017-11-21,12.2,10.9,13.9,,,219.0,17.3,,1009.2,
2017-11-22,13.7,11.9,14.9,,,199.0,29.8,,994.0,
2017-11-23,8.6,5.9,11.9,,,231.0,23.4,,997.2,
2017-11-24,5.9,4.9,7.9,,,,5.9,,1010.0,
2017-11-25,4.0,1.9,6.9,,,274.0,18.7,,1017.3,
2017-11-26,5.8,3.9,7.9,,,261.0,19.7,,1024.2,
2017-11-27,8.4,4.9,10.9,,,258.0,26.9,,1013.8,
2017-11-28,5.2,1.9,6.9,,,295.0,15.2,,1009.7,
2017-11-29,3.9,1.9,6.9,,,330.0,16.6,,1012.8,
2017-11-30,2.3,0.9,4.9,,,314.0,16.0,,,
2017-12-01,3.7,1.9,5.9,,,352.0,18.4,,1023.0,
2017-12-02,6.0,3.9,7.9,,,277.0,11.4,,1027.1,
2017-12-03,8.0,5.9,9.9,,,280.0,11.9,,1028.0,
2017-12-04,7.6,4.9,9.9,,,283.0,11.2,,1033.9,
2017-12-05,7.6,6.9,8.9,,,239.0,11.8,,1034.9,
2017-12-06,9.5,8.9,10.9,,,207.0,20.8,,1024.9,
2017-12-07,9.2,3.9,12.9,,,245.0,26.0,,1010.0,
2017-12-08,3.1,1.9,4.9,,,281.0,24.2,,1017.7,
2017-12-09,2.1,0.9,3.9,,,221.0,10.4,,,
2017-12-10,2.0,0.9,6.9,,,60.0,19.1,,,
2017-12-11,1.0,-0.1,2.9,,,355.0,19.0,,,
2017-12-12,3.3,-0.1,7.9,,,235.0,11.5,,,
2017-12-13,6.4,2.9,8.9,,,247.0,25.5,,996.5,
2017-12-14,4.8,3.9,5.9,,,255.0,25.1,,991.1,
2017-12-15,5.2,2.9,5.9,,,309.0,19.6,,1001.2,
2017-12-16,3.9,1.9,6.9,,,269.0,14.1,,1018.9,
2017-12-17,7.2,2.9,9.9,,,241.0,18.1,,1022.2,
2017-12-18,6.5,4.9,8.9,,,,8.2,,1029.1,
2017-12-19,7.2,4.9,8.9,,,240.0,12.5,,1034.4,
2017-12-20,10.2,8.9,10.9,,,256.0,20.4,,1034.9,
2017-12-21,10.6,9.9,10.9,,,253.0,21.4,,1035.7,
2017-12-22,10.3,9.9,10.9,,,,9.5,,1035.3,
2017-12-23,8.9,8.9,8.9,,,250.0,21.6,,1033.6,
2017-12-24,9.1,7.9,9.9,,,221.0,17.2,,1023.5,
2017-12-25,9.3,4.9,10.9,,,215.0,26.2,,1004.3,
2017-12-26,5.3,3.9,6.9,,,194.0,18.4,,991.0,
2017-12-27,2.5,0.9,3.9,,,306.0,24.3,,,
2017-12-28,2.9,1.9,4.9,,,253.0,14.0,,1003.4,
2017-12-29,6.4,2.9,7.9,,,219.0,25.9,,996.2,
2017-12-30,10.8,6.9,12.9,,,228.0,30.7,,996.0,
2017-12-31,9.8,6.9,13.9,,,224.0,23.0,,993.5,
2018-01-01,7.0,5.7,8.4,,,246.0,21.1,,999.9,
2018-01-02,8.3,4.2,11.9,,,222.0,24.2,,1003.9,
2018-01-03,8.6,7.4,9.9,,,256.0,37.7,,998.2,
2018-01-04,8.2,5.7,11.4,,,232.0,25.1,,994.6,
2018-01-05,4.9,0.8,7.4,,,233.0,16.3,,994.1,
2018-01-06,2.2,-0.2,4.7,,,32.0,14.4,,1010.5,
2018-01-07,1.8,-0.2,4.8,,,37.0,23.8,,1025.8,
2018-01-08,2.3,0.4,3.4,,,57.0,15.7,,1021.2,
2018-01-09,4.9,2.7,8.7,,,109.0,12.5,,1006.0,
2018-01-10,5.8,0.2,8.7,,,235.0,7.0,,1004.7,
2018-01-11,3.1,-0.7,7.2,,,14.0,6.8,,1019.3,
2018-01-12,3.6,-1.0,6.7,,,92.0,6.4,,1024.8,
2018-01-13,6.2,5.2,7.7,,,130.0,16.8,,1017.5,
2018-01-14,4.5,3.7,6.9,,,137.0,11.0,,1017.5,
2018-01-15,8.3,6.4,9.9,,,236.0,25.9,,998.4,
2018-01-16,5.1,3.2,6.7,,,259.0,25.9,,996.3,
2018-01-17,5.4,2.8,8.2,,,253.0,26.8,,1005.5,
2018-01-18,7.2,2.7,10.7,,,258.0,28.2,,1001.9,
2018-01-19,3.8,1.3,7.4,,,251.0,14.7,,1009.5,
2018-01-20,4.3,2.9,6.3,,,90.0,9.4,,1003.1,
2018-01-21,6.1,2.3,10.4,,,180.0,16.5,,1010.4,
2018-01-22,8.3,6.9,9.4,,,254.0,13.7,,1013.1,
2018-01-23,10.9,8.7,13.3,,,220.0,22.2,,1013.8,
2018-01-24,9.4,6.9,13.2,,,218.0,27.8,,1005.1,
2018-01-25,7.0,4.2,9.7,,,218.0,20.1,,1006.4,
2018-01-26,5.5,3.8,8.4,,,288.0,7.4,,1019.5,
2018-01-27,7.9,3.4,10.7,,,219.0,21.5,,1025.2,
2018-01-28,10.0,9.0,11.1,,,248.0,29.3,,1030.8,
2018-01-29,8.7,0.9,10.7,,,263.0,25.1,,1028.6,
2018-01-30,3.6,-2.0,9.8,,,202.0,8.0,,1026.1,
2018-01-31,6.6,3.8,9.2,,,255.0,28.2,,1006.1,
2018-02-01,5.5,3.8,7.3,,,287.0,13.6,,1006.0,
2018-02-02,5.3,2.0,8.3,,,289.0,8.9,,1013.1,
2018-02-03,4.9,3.4,6.2,,,273.0,9.4,,1007.8,
2018-02-04,3.5,1.8,5.4,,,34.0,18.0,,1025.2,
2018-02-05,2.1,0.8,4.3,,,32.0,13.8,,1027.2,
2018-02-06,1.5,-0.3,3.9,,,5.0,9.3,,1019.6,
2018-02-07,1.9,-2.2,4.9,,,328.0,7.9,,1022.0,
2018-02-08,5.7,1.4,8.7,,,203.0,17.4,,1016.0,
2018-02-09,4.4,-0.3,7.7,,,271.0,16.5,,1012.2,
2018-02-10,6.1,-0.4,9.9,,,215.0,21.1,,1009.6,
2018-02-11,4.4,0.7,8.3,,,270.0,20.6,,1006.2,
2018-02-12,3.3,0.5,6.4,,,238.0,15.5,,1013.9,
2018-02-13,4.6,1.2,6.4,,,225.0,18.0,,1000.7,
2018-02-14,4.5,-1.1,9.2,,,166.0,19.5,,1001.7,
2018-02-15,6.1,2.3,8.1,,,245.0,21.0,,1010.0,
2018-02-16,4.7,0.5,9.2,,,193.0,10.4,,1023.2,
2018-02-17,5.7,2.9,9.9,,,183.0,10.4,,1021.4,
2018-02-18,7.2,5.7,8.7,,,157.0,11.5,,1020.3,
2018-02-19,9.8,7.4,13.2,,,271.0,10.3,,1018.3,
2018-02-20,8.5,7.2,10.4,,,338.0,14.6,,1023.1,
2018-02-21,6.2,4.2,8.0,,,47.0,11.3,,1027.1,
2018-02-22,2.5,-0.9,4.6,,,60.0,11.6,,1024.1,
2018-02-23,1.0,-2.1,5.3,,,74.0,13.8,,1020.9,
2018-02-24,1.5,-1.9,5.4,,,58.0,17.1,,1021.3,
2018-02-25,1.4,-1.4,5.1,,,65.0,18.0,,1027.1,
2018-02-26,-0.8,-3.2,1.7,,,55.0,18.6,,1031.0,
2018-02-27,-1.7,-4.2,1.8,,,41.0,14.7,,1025.1,
2018-02-28,-3.2,-5.7,-0.6,,,62.0,22.6,,1015.8,
2018-03-01,-3.7,-5.1,-2.1,,20.0,56.0,30.2,57.0,1000.4,
2018-03-02,-1.8,-2.2,-1.3,,30.0,61.0,30.0,,991.1,
2018-03-03,1.6,-1.0,3.2,,,68.0,19.9,,990.1,
2018-03-04,5.6,1.4,9.9,,,144.0,15.5,,987.3,
2018-03-05,6.5,4.5,10.0,,,152.0,14.9,,986.1,
2018-03-06,5.6,2.7,8.9,,,241.0,7.4,,987.6,
2018-03-07,5.0,0.6,9.0,,,241.0,14.3,,994.2,
2018-03-08,6.2,3.8,9.4,,,235.0,26.4,,996.1,
2018-03-09,6.4,2.2,11.0,,,125.0,11.0,,999.3,
2018-03-10,10.9,6.4,13.5,,,184.0,15.9,,992.6,
2018-03-11,8.6,4.9,12.9,,,81.0,12.5,,989.2,
2018-03-12,8.5,7.2,10.0,,,348.0,9.7,,990.1,
2018-03-13,7.5,4.9,11.0,,,249.0,11.0,,1007.2,
2018-03-14,8.7,4.6,11.8,,,139.0,25.4,,998.5,
2018-03-15,9.6,7.7,12.8,,,134.0,17.0,,986.8,
2018-03-16,8.3,4.8,11.4,,,159.0,11.6,,997.0,
2018-03-17,1.8,-1.9,7.0,,,51.0,26.1,,1006.4,
2018-03-18,-1.3,-2.5,-0.3,,,50.0,24.7,,1009.0,
2018-03-19,1.2,-2.1,4.2,,,41.0,24.5,,1016.8,
2018-03-20,4.7,1.0,8.2,,,7.0,13.7,,1030.1,
2018-03-21,3.7,-2.4,8.9,,,264.0,12.5,,1032.0,
2018-03-22,6.7,3.7,8.7,,,237.0,21.3,,1019.5,
2018-03-23,8.3,6.6,10.7,,,212.0,22.9,,999.5,
2018-03-24,7.3,5.3,9.2,,,32.0,12.7,,1000.7,
2018-03-25,8.5,5.6,12.5,,,342.0,10.5,,1011.6,
2018-03-26,7.2,0.8,11.9,,,245.0,11.3,,1017.4,
2018-03-27,8.4,6.1,12.1,,,229.0,22.3,,1007.5,
2018-03-28,6.2,4.5,8.8,,,258.0,14.5,,1004.7,
2018-03-29,5.0,2.7,7.8,,,162.0,14.3,,999.2,
2018-03-30,3.9,0.0,6.4,,,36.0,10.7,,994.9,
2018-03-31,5.1,3.6,6.9,,,339.0,12.0,,998.9,
2018-04-01,5.3,2.7,7.6,,,41.0,10.9,,1011.0,
2018-04-02,9.0,2.1,13.5,,,164.0,21.4,,996.6,
2018-04-03,11.3,8.0,14.0,,,192.0,22.1,,991.8,
2018-04-04,9.1,5.5,11.9,,,189.0,18.8,,992.1,
2018-04-05,7.0,2.8,11.0,,,214.0,12.8,,1013.6,
2018-04-06,9.9,5.4,15.1,,,143.0,18.6,,1008.7,
2018-04-07,9.8,7.9,12.8,,,328.0,11.5,,1004.9,
2018-04-08,9.3,8.0,11.1,,,12.0,9.5,,1008.4,
2018-04-09,9.0,7.7,10.0,,,53.0,10.5,,1006.4,
2018-04-10,9.8,8.8,10.5,,,54.0,17.3,,1001.0,
2018-04-11,8.7,7.6,9.8,,,36.0,14.8,,1007.2,
2018-04-12,7.3,6.3,8.5,,,31.0,14.7,,1004.9,
2018-04-13,8.8,6.5,11.6,,,270.0,8.8,,1007.5,
2018-04-14,11.7,7.9,16.5,,,150.0,7.7,,1015.1,
2018-04-15,10.6,8.9,12.7,,,155.0,17.0,,1007.8,
2018-04-16,10.9,7.6,14.0,,,202.0,21.0,,1011.8,
2018-04-17,12.8,11.3,14.3,,,190.0,27.9,,1016.5,
2018-04-18,17.1,12.8,22.7,,,171.0,20.9,,1024.1,
2018-04-19,16.1,10.6,22.3,,,246.0,8.8,,1023.2,
2018-04-20,12.8,8.7,19.4,,,260.0,6.2,,1024.3,
2018-04-21,15.7,10.1,23.4,,,100.0,11.5,,1019.0,
2018-04-22,13.6,9.7,15.7,,,222.0,18.6,,1010.7,
2018-04-23,10.7,8.3,12.8,,,249.0,23.4,,1016.2,
2018-04-24,11.7,9.8,13.9,,,236.0,24.2,,1012.9,
2018-04-25,9.8,7.0,12.6,,,251.0,28.7,,1012.5,
2018-04-26,9.8,7.5,12.9,,,256.0,24.3,,1016.1,
2018-04-27,8.2,6.8,10.0,,,64.0,12.3,,1007.4,
2018-04-28,8.0,6.3,10.0,,,20.0,12.3,,1010.8,
2018-04-29,7.2,5.7,9.1,,,27.0,18.9,,1012.6,
2018-04-30,7.6,4.0,11.2,,,347.0,17.2,,1010.1,
2018-05-01,8.4,2.7,13.6,,,227.0,18.1,,1008.9,
2018-05-02,10.2,7.6,13.3,,,236.0,24.5,,1005.0,
2018-05-03,10.2,6.1,14.1,,,254.0,12.6,,1018.9,
2018-05-04,12.8,9.6,15.8,,,251.0,8.5,,1023.3,
2018-05-05,14.8,6.8,20.6,,,282.0,5.3,,1025.2,
2018-05-06,16.3,8.0,23.3,,,237.0,5.6,,1022.3,
2018-05-07,17.8,10.3,25.0,,,274.0,6.2,,1017.3,
2018-05-08,11.8,9.1,15.2,,,247.0,18.5,,1011.5,
2018-05-09,11.5,7.4,16.0,,,243.0,13.8,,1009.8,
2018-05-10,10.8,6.2,14.5,,,255.0,17.5,,1015.3,
2018-05-11,11.0,6.6,15.2,,,152.0,16.8,,1013.7,
2018-05-12,9.9,5.0,13.3,,,275.0,5.8,,1012.9,
2018-05-13,11.4,6.2,16.3,,,269.0,11.4,,1015.5,
2018-05-14,13.0,5.9,19.8,,,299.0,8.3,,1021.8,
2018-05-15,15.0,7.7,21.5,,,315.0,8.1,,1022.0,
2018-05-16,13.6,10.6,15.4,,,24.0,19.0,,1025.8,
2018-05-17,11.9,5.7,17.2,,,46.0,13.0,,1027.8,
2018-05-18,12.7,5.8,18.2,,,51.0,7.2,,1025.7,
2018-05-19,14.6,6.8,20.2,,,306.0,5.8,,1023.5,
2018-05-20,15.8,8.5,21.6,,,249.0,5.9,,1021.1,
2018-05-21,16.4,9.5,22.9,,,63.0,9.0,,1016.9,
2018-05-22,16.8,11.4,21.7,,,26.0,16.9,,1017.9,
2018-05-23,15.6,10.7,21.3,,,35.0,17.1,,1023.2,
2018-05-24,12.4,9.7,15.4,,,31.0,14.5,,1021.3,
2018-05-25,13.7,12.5,15.5,,,15.0,6.5,,1018.8,
2018-05-26,16.9,13.5,22.7,,,36.0,18.8,,1018.8,
2018-05-27,17.2,13.0,21.9,,,44.0,11.7,,1015.7,
2018-05-28,17.6,13.5,20.2,,,21.0,10.3,,1018.9,
2018-05-29,16.7,14.3,18.9,,,32.0,18.5,,1017.3,
2018-05-30,15.1,13.7,16.3,,,45.0,12.7,,1013.5,
2018-05-31,17.8,15.5,21.7,,,66.0,6.8,,1014.5,
2018-06-01,18.2,14.8,22.1,,,245.0,12.0,,1017.4,
2018-06-02,17.6,14.9,22.0,,,253.0,13.7,,1018.6,
2018-06-03,18.9,11.9,24.2,,,24.0,7.3,,1018.4,
2018-06-04,18.1,15.5,22.1,,,41.0,15.4,,1016.4,
2018-06-05,14.5,12.8,17.3,,,47.0,15.3,,1017.1,
2018-06-06,15.5,9.7,21.5,,,41.0,12.5,,1016.0,
2018-06-07,15.3,12.4,18.2,,,56.0,11.4,,1016.7,
2018-06-08,15.8,13.0,18.5,,,47.0,11.7,,1017.2,
2018-06-09,17.3,13.5,21.4,,,47.0,11.8,,1015.9,
2018-06-10,17.5,12.5,22.9,,,53.0,9.3,,1014.8,
2018-06-11,19.4,13.6,25.1,,,40.0,13.6,,1014.0,
2018-06-12,15.8,12.1,19.5,,,44.0,13.9,,1017.3,
2018-06-13,16.2,11.6,20.1,,,208.0,13.8,,1017.8,
2018-06-14,16.4,13.6,20.0,,,237.0,25.5,,1011.9,
2018-06-15,15.0,10.8,19.1,,,253.0,15.3,,1016.9,
2018-06-16,14.7,12.3,18.1,,,220.0,22.2,,1014.0,
2018-06-17,14.9,12.5,17.2,,,234.0,19.8,,1015.5,
2018-06-18,16.2,13.9,18.5,,,251.0,27.9,,1019.2,
2018-06-19,17.7,15.7,20.9,,,257.0,20.4,,1022.7,
2018-06-20,17.2,14.4,19.8,,,247.0,18.8,,1020.7,
2018-06-21,14.5,10.7,18.9,,,345.0,13.9,,1027.0,
2018-06-22,15.2,7.9,21.0,,,335.0,8.7,,1031.3,
2018-06-23,17.8,10.7,23.5,,,295.0,8.9,,1028.7,
2018-06-24,18.9,12.2,24.4,,,38.0,10.2,,1025.6,
2018-06-25,21.6,12.5,28.3,,,53.0,6.7,,1025.8,
2018-06-26,23.3,15.7,29.5,,,59.0,10.5,,1025.4,
2018-06-27,21.6,15.4,27.6,,,72.0,14.2,,1025.1,
2018-06-28,20.3,12.2,27.3,,,53.0,16.2,,1024.5,
2018-06-29,21.0,14.2,27.3,,,47.0,15.2,,1021.7,
2018-06-30,20.3,12.2,28.0,,,61.0,14.7,,1016.3,
2018-07-01,21.3,14.9,26.7,,,23.0,12.7,,1013.6,
2018-07-02,23.3,16.4,29.1,,,42.0,19.3,,1015.6,
2018-07-03,21.3,13.0,28.0,,,65.0,18.2,,1017.0,
2018-07-04,18.9,14.8,23.1,,,79.0,10.8,,1015.3,
2018-07-05,21.6,16.1,27.9,,,270.0,9.3,,1016.1,
2018-07-06,21.4,16.0,26.5,,,320.0,11.4,,1021.4,
2018-07-07,21.9,15.5,28.5,,,301.0,8.5,,1024.3,
2018-07-08,24.0,18.0,29.8,,,354.0,9.8,,1025.9,
2018-07-09,23.7,18.7,28.7,,,18.0,13.6,,1025.5,
2018-07-10,20.0,15.4,23.7,,,35.0,13.0,,1024.0,
2018-07-11,20.3,14.3,25.3,,,35.0,9.5,,1021.7,
2018-07-12,20.1,15.5,24.9,,,11.0,9.0,,1021.2,
2018-07-13,19.2,16.2,23.7,,,160.0,8.0,,1021.6,
2018-07-14,19.4,13.8,25.1,,,236.0,11.4,,1020.2,
2018-07-15,20.0,13.5,25.8,,,264.0,11.1,,1016.7,
2018-07-16,19.4,16.0,24.7,,,246.0,13.8,,1014.2,
2018-07-17,18.0,12.5,23.2,,,248.0,15.3,,1016.1,
2018-07-18,18.8,14.5,23.2,,,229.0,11.3,,1018.1,
2018-07-19,19.6,12.9,25.2,,,280.0,7.5,,1018.6,
2018-07-20,19.7,16.0,25.3,,,311.0,10.2,,1014.9,
2018-07-21,19.0,14.2,24.0,,,337.0,6.1,,1014.3,
2018-07-22,20.0,15.8,24.8,,,273.0,8.9,,1016.4,
2018-07-23,20.8,17.0,25.0,,,249.0,11.1,,1016.6,
2018-07-24,19.8,16.4,24.4,,,246.0,10.6,,1015.0,
2018-07-25,19.0,13.6,24.8,,,294.0,8.3,,1017.5,
2018-07-26,20.5,13.4,27.4,,,218.0,7.3,,1013.4,
2018-07-27,19.8,15.8,24.8,,,188.0,11.4,,1009.8,
2018-07-28,16.4,14.6,17.8,,,209.0,21.5,,1004.6,
2018-07-29,17.4,14.6,20.2,,,187.0,23.4,,1002.1,
2018-07-30,17.8,15.2,20.7,,,204.0,13.1,,1009.0,
2018-07-31,16.7,13.2,20.6,,,226.0,11.4,,1015.5,
2018-08-01,17.0,13.0,21.0,,,203.0,11.0,,1020.6,
2018-08-02,19.2,15.2,23.8,,,226.0,10.1,,1022.9,
2018-08-03,20.4,16.0,25.0,,,275.0,7.3,,1023.1,
2018-08-04,20.0,15.8,25.2,,,346.0,9.3,,1024.1,
2018-08-05,20.2,14.0,26.6,,,179.0,8.1,,1023.0,
2018-08-06,19.7,14.6,25.2,,,248.0,8.6,,1015.9,
2018-08-07,18.2,14.6,22.8,,,263.0,11.1,,1009.6,
2018-08-08,15.8,12.2,19.0,,,245.0,13.0,,1011.1,
2018-08-09,15.2,11.8,19.2,,,277.0,10.3,,1014.4,
2018-08-10,14.2,11.5,17.8,,,246.0,14.8,,1018.0,
2018-08-11,14.4,9.2,18.5,,,182.0,12.4,,1020.6,
2018-08-12,17.2,15.8,19.2,,,187.0,16.1,,1009.0,
2018-08-13,17.6,14.6,21.2,,,272.0,12.2,,1008.2,
2018-08-14,17.4,13.6,21.4,,,260.0,14.4,,1016.5,
2018-08-15,18.2,15.8,21.2,,,234.0,17.6,,1017.3,
2018-08-16,16.8,13.2,18.8,,,245.0,18.2,,1013.6,
2018-08-17,14.8,10.8,18.2,,,250.0,13.8,,1019.7,
2018-08-18,17.7,14.8,20.8,,,242.0,17.1,,1020.7,
2018-08-19,18.8,17.0,21.7,,,240.0,19.7,,1018.8,
2018-08-20,18.6,16.2,22.0,,,251.0,12.8,,1020.3,
2018-08-21,18.2,15.2,22.0,,,254.0,10.3,,1019.8,
2018-08-22,18.4,15.8,21.5,,,242.0,12.2,,1017.5,
2018-08-23,16.8,12.4,19.0,,,261.0,15.4,,1014.0,
2018-08-24,12.8,10.2,15.8,,,266.0,18.8,,1014.8,
2018-08-25,12.8,8.4,17.0,,,280.0,12.0,,1015.7,
2018-08-26,13.4,9.8,16.8,,,191.0,16.4,,1008.7,
2018-08-27,15.6,12.5,18.8,,,263.0,18.1,,1011.7,
2018-08-28,15.0,11.4,19.0,,,214.0,7.3,,1017.1,
2018-08-29,15.0,11.8,18.7,,,281.0,9.6,,1016.9,
2018-08-30,13.2,8.2,17.6,,,351.0,5.5,,1023.6,
2018-08-31,14.6,8.6,20.2,,,109.0,7.1,,1022.9,
2018-09-01,16.5,12.0,21.2,,,150.0,9.3,,1024.0,
2018-09-02,17.8,14.0,22.4,,,157.0,9.2,,1023.6,
2018-09-03,16.5,13.4,20.2,,,293.0,7.4,,1021.5,
2018-09-04,15.0,12.6,17.8,,,11.0,11.5,,1021.8,
2018-09-05,15.0,11.5,18.8,,,2.0,10.4,,1022.5,
2018-09-06,13.4,9.5,17.0,,,290.0,10.2,,1018.3,
2018-09-07,12.2,8.0,16.0,,,277.0,11.6,,1017.1,
2018-09-08,13.8,11.0,16.8,,,218.0,11.8,,1017.6,
2018-09-09,15.6,13.0,18.6,,,231.0,16.6,,1017.5,
2018-09-10,14.6,11.0,18.0,,,236.0,14.8,,1021.4,
2018-09-11,17.0,15.0,19.2,,,234.0,18.1,,1019.3,
2018-09-12,13.8,10.5,16.8,,,309.0,7.2,,1023.1,
2018-09-13,12.0,7.0,16.6,,,254.0,8.5,,1023.8,
2018-09-14,12.6,9.6,15.8,,,239.0,14.3,,1021.1,
2018-09-15,14.0,10.2,17.8,,,230.0,11.4,,1023.0,
2018-09-16,15.8,12.8,19.0,,,201.0,16.1,,1017.5,
2018-09-17,17.6,15.4,21.0,,,182.0,14.3,,1012.8,
2018-09-18,17.6,16.2,19.5,,,210.0,26.0,,1006.7,
2018-09-19,16.5,13.6,19.4,,,218.0,23.2,,1010.9,
2018-09-20,15.8,13.6,17.8,,,204.0,21.1,,1007.9,
2018-09-21,12.8,9.8,16.2,,,256.0,28.3,,1008.5,
2018-09-22,10.8,9.2,12.2,,,190.0,12.8,,1016.9,
2018-09-23,9.8,7.6,12.4,,,353.0,15.2,,1020.5,
2018-09-24,9.2,4.6,13.8,,,320.0,6.3,,1037.6,
2018-09-25,9.5,3.8,15.4,,,138.0,6.9,,1037.3,
2018-09-26,12.2,6.8,18.8,,,201.0,7.5,,1032.9,
2018-09-27,13.0,7.6,19.6,,,210.0,6.6,,1027.3,
2018-09-28,11.5,7.4,15.2,,,29.0,12.2,33.3,1030.4,
2018-09-29,9.4,4.1,15.4,,,141.0,5.0,14.8,1029.1,
2018-09-30,9.5,6.0,13.6,,,267.0,9.7,25.9,1021.7,
2018-10-01,9.8,6.1,13.6,,,294.0,10.7,24.1,1027.0,
2018-10-02,14.2,9.2,17.8,,,270.0,19.5,37.0,1022.8,
2018-10-03,13.8,11.4,17.0,,,260.0,11.2,25.9,1027.4,
2018-10-04,14.2,11.8,18.0,,,200.0,9.2,24.1,1024.1,
2018-10-05,14.0,11.8,17.6,,,184.0,6.5,16.7,1015.3,
2018-10-06,9.4,7.0,11.6,,,5.0,17.1,40.8,1012.7,
2018-10-07,8.4,3.6,13.0,,,298.0,7.6,29.6,1023.4,
2018-10-08,12.2,9.2,15.8,,,217.0,13.1,29.6,1020.7,
2018-10-09,13.0,10.0,17.6,,,189.0,11.2,27.8,1017.6,
2018-10-10,15.2,10.8,20.8,,,105.0,14.0,31.5,1011.0,
2018-10-11,14.8,12.0,17.0,,,157.0,16.4,38.9,1002.2,
2018-10-12,15.6,12.2,18.0,,,182.0,31.3,66.7,1005.2,
2018-10-13,18.6,15.4,20.4,,,191.0,28.9,55.5,1005.8,
2018-10-14,11.8,9.0,15.0,,,347.0,12.3,31.5,1007.1,
2018-10-15,10.0,9.0,11.2,,,25.0,17.4,35.2,1011.2,
2018-10-16,13.0,11.0,16.2,,,161.0,8.4,24.1,1015.0,
2018-10-17,12.4,10.8,14.6,,,331.0,8.0,22.2,1019.1,
2018-10-18,10.4,7.8,13.6,,,33.0,10.4,25.9,1026.8,
2018-10-19,9.8,6.0,14.6,,,88.0,4.2,13.0,1027.1,
2018-10-20,10.4,7.2,15.2,,,195.0,5.5,16.7,1031.0,
2018-10-21,11.8,8.4,16.2,,,252.0,9.0,25.9,1029.1,
2018-10-22,9.0,6.1,12.4,,,350.0,10.3,27.8,1037.7,
2018-10-23,10.2,6.6,14.8,,,272.0,12.2,29.6,1034.0,
2018-10-24,11.2,8.2,14.8,,,287.0,8.3,20.4,1030.6,
2018-10-25,8.8,5.2,12.4,,,287.0,6.2,16.7,1023.9,
2018-10-26,7.8,4.4,9.8,,,292.0,14.1,33.3,1014.4,
2018-10-27,4.2,2.2,6.6,,,351.0,14.4,37.0,1016.5,
2018-10-28,4.9,2.8,8.4,,,19.0,19.6,42.6,1020.0,
2018-10-29,3.6,1.0,7.4,,,33.0,11.1,27.8,1009.3,
2018-10-30,3.4,0.5,7.2,,,303.0,9.2,24.1,1000.1,
2018-10-31,6.0,1.0,10.4,,,122.0,10.8,25.9,1004.6,
2018-11-01,7.4,3.2,10.2,,,278.0,8.8,25.9,1007.1,
2018-11-02,5.4,1.5,10.0,,,224.0,6.5,18.5,1023.7,
2018-11-03,10.2,6.4,13.0,,,180.0,19.8,42.6,1019.9,
2018-11-04,11.4,9.8,12.5,,,152.0,17.2,37.0,1007.7,
2018-11-05,10.8,9.0,13.8,,,103.0,10.7,24.1,1002.4,
2018-11-06,12.2,10.8,13.8,,,142.0,18.2,42.6,996.3,
2018-11-07,11.0,7.4,12.5,,,190.0,20.7,44.5,994.4,
2018-11-08,9.4,7.2,11.8,,,164.0,19.0,37.0,1010.6,
2018-11-09,10.8,9.5,12.0,,,152.0,22.8,57.4,1000.2,
2018-11-10,10.0,8.4,12.0,,,181.0,14.4,31.5,992.0,
2018-11-11,9.4,8.2,11.6,,,186.0,14.1,33.3,997.4,
2018-11-12,9.8,8.4,12.4,,,191.0,17.9,37.0,1006.9,
2018-11-13,10.0,8.2,12.4,,,216.0,15.9,29.6,1019.1,
2018-11-14,11.0,8.6,13.4,,,175.0,15.9,33.3,1020.2,
2018-11-15,11.0,8.4,13.8,,,141.0,9.9,24.1,1019.2,
2018-11-16,11.8,10.2,13.6,,,106.0,9.7,22.2,1023.4,
2018-11-17,8.5,5.4,10.4,,,74.0,15.9,29.6,1025.5,
2018-11-18,5.8,3.8,9.4,,,58.0,17.5,35.2,1026.8,
2018-11-19,5.4,3.8,7.4,,,50.0,19.8,38.9,1021.4,
2018-11-20,4.0,2.8,5.1,,,42.0,20.3,40.8,1010.8,
2018-11-21,3.4,1.8,5.8,,,88.0,11.5,24.1,1010.5,
2018-11-22,3.2,0.8,6.0,,,72.0,13.3,27.8,1016.9,
2018-11-23,5.9,3.8,8.2,,,76.0,15.7,29.6,1012.7,
2018-11-24,6.6,6.2,7.4,,,52.0,17.5,35.2,1009.7,
2018-11-25,5.6,3.8,7.0,,,47.0,16.5,33.3,1011.4,
2018-11-26,4.0,1.8,7.0,,,23.0,7.6,22.2,1015.2,
2018-11-27,5.1,1.4,8.8,,,133.0,14.5,40.8,1011.2,
2018-11-28,11.6,8.0,13.4,,,190.0,26.2,59.3,1003.7,
2018-11-29,11.0,8.6,12.8,,,195.0,27.7,66.7,998.6,
2018-11-30,8.2,7.2,10.0,,,230.0,17.5,33.3,1006.4,
2018-12-01,10.4,7.6,12.4,,,196.0,17.4,37.0,1001.5,
2018-12-02,12.2,11.2,13.2,,,235.0,23.0,40.8,996.9,
2018-12-03,9.2,4.9,11.4,,,253.0,18.6,38.9,1002.0,
2018-12-04,4.6,2.2,7.0,,,174.0,5.8,22.2,1020.1,
2018-12-05,9.6,5.4,11.8,,,173.0,13.7,27.8,1012.3,
2018-12-06,11.5,10.2,12.6,,,223.0,17.4,33.3,1013.2,
2018-12-07,9.6,6.6,12.5,,,244.0,28.1,46.3,1004.2,
2018-12-08,9.4,8.2,11.0,,,254.0,33.1,57.4,1003.6,
2018-12-09,8.8,6.8,10.4,,,276.0,25.8,53.7,1011.6,
2018-12-10,6.6,5.4,8.6,,,254.0,10.6,25.9,1027.5,
2018-12-11,7.4,6.2,9.2,,,139.0,8.8,22.2,1023.3,
2018-12-12,6.4,4.4,7.6,,,118.0,16.9,35.2,1019.0,
2018-12-13,3.4,0.8,4.6,,,95.0,21.5,40.8,1015.2,
2018-12-14,1.4,-0.4,3.6,,,96.0,13.1,27.8,1021.7,
2018-12-15,5.0,2.2,7.4,,,145.0,26.5,50.0,1007.5,
2018-12-16,6.1,5.0,8.2,,,194.0,11.7,35.2,1005.1,
2018-12-17,7.0,4.1,9.4,,,203.0,13.4,33.3,1015.0,
2018-12-18,8.8,6.8,9.8,,,171.0,24.2,55.5,1005.5,
2018-12-19,7.0,5.9,8.4,,,195.0,13.7,31.5,1003.1,
2018-12-20,7.8,6.8,9.0,,,225.0,18.2,35.2,1004.8,
2018-12-21,10.4,9.4,11.4,,,236.0,25.5,53.7,1001.4,
2018-12-22,8.4,6.8,10.2,,,245.0,16.4,38.9,1015.7,
2018-12-23,9.4,7.6,11.6,,,227.0,12.3,33.3,1017.4,
2018-12-24,5.8,4.8,6.8,,,76.0,8.0,18.5,1030.9,
2018-12-25,7.4,5.4,9.5,,,139.0,5.4,13.0,1033.2,
2018-12-26,7.6,5.0,9.4,,,159.0,5.1,13.0,1029.9,
2018-12-27,5.6,3.6,8.2,,,198.0,3.5,13.0,1026.7,
2018-12-28,6.8,4.4,9.5,,,236.0,7.1,18.5,1031.0,
2018-12-29,9.8,8.2,11.8,,,246.0,13.9,33.3,1033.0,
2018-12-30,9.6,8.0,10.8,,,246.0,9.8,24.1,1035.7,
2018-12-31,7.6,6.6,9.6,,,248.0,9.4,22.2,1036.5,
2019-01-01,6.4,4.2,9.6,,,293.0,9.0,20.4,1037.2,
2019-01-02,2.1,0.1,4.8,,,42.0,4.9,16.7,1043.9,
2019-01-03,0.1,-1.6,3.4,,,62.0,3.5,11.1,1043.6,
2019-01-04,-1.0,-3.0,2.8,,,355.0,2.9,11.1,1042.8,
2019-01-05,0.8,-2.6,4.6,,,247.0,5.7,16.7,1040.2,
2019-01-06,5.2,2.8,8.8,,,243.0,6.8,16.7,1038.0,
2019-01-07,7.6,4.8,10.0,,,248.0,15.5,37.0,1033.7,
2019-01-08,6.2,4.1,7.8,,,300.0,13.4,25.9,1030.5,
2019-01-09,3.4,1.2,5.4,,,341.0,8.6,22.2,1031.7,
2019-01-10,3.2,0.8,5.8,,,290.0,5.8,16.7,1032.0,
2019-01-11,5.8,4.2,8.2,,,297.0,8.8,18.5,1031.7,
2019-01-12,8.2,5.6,9.6,,,265.0,19.5,38.9,1025.0,
2019-01-13,9.4,7.6,10.5,,,277.0,26.0,44.5,1017.5,
2019-01-14,6.4,4.2,8.8,,,278.0,13.2,29.6,1022.1,
2019-01-15,7.2,4.8,9.5,,,228.0,13.3,27.8,1019.3,
2019-01-16,7.0,4.4,8.6,,,231.0,16.6,33.3,1005.4,
2019-01-17,3.1,-0.2,5.4,,,294.0,11.3,27.8,1012.8,
2019-01-18,2.6,-0.2,4.8,,,132.0,16.1,35.2,1013.3,
2019-01-19,4.9,4.0,6.4,,,107.0,11.6,29.6,1007.2,
2019-01-20,3.8,2.8,5.4,,,41.0,5.6,16.7,1017.9,
2019-01-21,3.8,2.0,5.6,,,191.0,9.6,31.5,1020.7,
2019-01-22,2.6,0.8,4.4,,,258.0,12.4,31.5,1003.3,
2019-01-23,1.6,0.1,4.6,,,307.0,8.7,24.1,1003.9,
2019-01-24,4.1,0.6,7.2,,,215.0,6.7,18.5,1011.8,
2019-01-25,8.4,6.0,11.0,,,261.0,13.3,29.6,1015.1,
2019-01-26,8.0,7.2,9.2,,,229.0,20.1,42.6,1002.4,
2019-01-27,5.1,3.1,6.8,,,292.0,27.5,55.5,995.5,
2019-01-28,3.0,0.8,5.9,,,287.0,11.6,27.8,1007.7,
2019-01-29,2.4,0.5,4.4,,,218.0,10.1,25.9,999.8,
2019-01-30,0.5,-1.2,4.4,,,254.0,7.6,24.1,996.6,
2019-01-31,0.2,-2.2,2.8,,,98.0,17.7,42.6,989.1,
2019-02-01,1.4,0.6,2.6,,,24.0,23.6,44.5,989.2,
2019-02-02,0.6,-1.3,4.0,,,330.0,12.1,29.6,1009.7,
2019-02-03,1.2,-4.4,5.9,,,201.0,9.6,29.6,1022.3,
2019-02-04,6.8,2.6,9.8,,,230.0,14.6,42.6,1017.1,
2019-02-05,6.6,2.4,10.2,,,154.0,14.1,37.0,1020.8,
2019-02-06,7.2,6.0,9.2,,,198.0,10.0,27.8,1015.6,
2019-02-07,6.8,5.6,8.5,,,239.0,27.1,57.4,1005.6,
2019-02-08,9.0,7.0,10.6,,,213.0,30.9,63.0,996.7,
2019-02-09,7.2,6.1,9.0,,,234.0,27.2,55.5,1000.0,
2019-02-10,5.4,4.4,6.8,,,255.0,18.1,40.8,998.9,
2019-02-11,5.4,3.2,8.8,,,272.0,10.6,33.3,1023.8,
2019-02-12,6.2,2.8,9.8,,,201.0,9.4,25.9,1032.4,
2019-02-13,7.0,4.6,10.2,,,182.0,11.2,27.8,1031.7,
2019-02-14,5.6,2.4,11.0,,,139.0,7.6,20.4,1030.8,
2019-02-15,7.0,3.2,12.5,,,160.0,10.5,25.9,1025.5,
2019-02-16,10.0,8.0,12.0,,,191.0,14.4,29.6,1020.8,
2019-02-17,9.0,7.2,11.5,,,176.0,17.4,35.2,1013.5,
2019-02-18,7.6,5.8,9.6,,,214.0,15.0,31.5,1014.2,
2019-02-19,6.8,4.4,9.4,,,215.0,14.0,29.6,1017.8,
2019-02-20,8.8,7.0,11.4,,,198.0,16.4,35.2,1018.4,
2019-02-21,10.0,7.2,13.2,,,193.0,12.1,25.9,1025.4,
2019-02-22,7.8,4.8,12.2,,,137.0,9.7,24.1,1033.1,
2019-02-23,9.0,5.6,14.4,,,143.0,9.1,24.1,1032.3,
2019-02-24,7.8,4.2,13.8,,,83.0,5.8,18.5,1035.0,
2019-02-25,7.2,1.6,14.2,,,105.0,5.9,18.5,1035.5,
2019-02-26,8.2,3.4,15.0,,,101.0,6.8,22.2,1031.8,
2019-02-27,8.5,3.4,15.4,,,169.0,5.2,16.7,1024.8,
2019-02-28,8.4,5.8,11.2,,,233.0,13.4,33.3,1016.2,
2019-03-01,8.8,7.0,11.4,,,235.0,11.6,25.9,1018.0,
2019-03-02,9.8,8.4,11.4,,,216.0,20.1,48.2,1009.1,
2019-03-03,9.2,7.2,11.0,,,212.0,25.2,64.8,996.6,
2019-03-04,5.8,4.0,7.4,,,250.0,20.1,50.0,994.8,
2019-03-05,7.4,4.4,10.0,,,207.0,19.7,44.5,1000.5,
2019-03-06,9.6,7.2,11.6,,,194.0,24.5,46.3,986.8,
2019-03-07,7.0,5.4,8.8,,,259.0,27.4,59.3,993.9,
2019-03-08,6.8,3.6,8.5,,,232.0,15.1,37.0,1010.0,
2019-03-09,8.0,6.1,11.0,,,249.0,21.1,53.7,1013.4,
2019-03-10,6.8,3.6,8.6,,,251.0,27.3,66.7,1011.1,
2019-03-11,6.1,2.6,9.4,,,257.0,23.8,44.5,1023.5,
2019-03-12,7.2,5.8,9.0,,,231.0,28.7,55.5,1005.7,
2019-03-13,7.8,5.9,10.2,,,270.0,29.2,64.8,1010.3,
2019-03-14,9.5,7.4,11.8,,,261.0,27.3,61.1,1008.0,
2019-03-15,10.6,9.2,12.2,,,253.0,25.8,57.4,1008.7,
2019-03-16,9.8,6.8,11.4,,,230.0,26.5,72.2,1001.7,
2019-03-17,5.9,3.4,8.4,,,272.0,22.9,48.2,1006.5,
2019-03-18,6.6,3.8,9.4,,,270.0,13.5,29.6,1021.2,
2019-03-19,8.2,5.4,11.2,,,235.0,9.8,24.1,1027.4,
2019-03-20,9.6,7.4,12.6,,,231.0,9.3,22.2,1032.0,
2019-03-21,10.0,7.4,13.2,,,231.0,7.2,16.7,1033.1,
2019-03-22,9.4,7.6,11.8,,,212.0,11.4,29.6,1028.2,
2019-03-23,8.2,5.6,10.6,,,17.0,10.3,25.9,1032.0,
2019-03-24,7.4,3.8,11.4,,,329.0,9.7,27.8,1032.2,
2019-03-25,7.6,4.0,11.8,,,333.0,12.0,29.6,1033.2,
2019-03-26,7.0,1.5,12.2,,,294.0,6.3,20.4,1035.3,
2019-03-27,8.0,2.6,13.4,,,295.0,6.5,18.5,1036.0,
2019-03-28,7.8,2.6,13.6,,,272.0,5.0,16.7,1036.0,
2019-03-29,8.2,3.1,14.0,,,203.0,6.2,18.5,1029.1,
2019-03-30,8.5,3.2,14.0,,,282.0,5.0,18.5,1022.1,
2019-03-31,8.0,4.9,11.4,,,51.0,17.7,37.0,1024.3,
2019-04-01,7.8,3.1,13.0,,,75.0,10.0,27.8,1020.6,
2019-04-02,6.2,2.6,8.2,,,264.0,13.2,33.3,1005.9,
2019-04-03,3.6,0.5,6.2,,,296.0,8.8,24.1,999.5,
2019-04-04,4.9,3.4,7.0,,,138.0,18.9,38.9,991.3,
2019-04-05,7.8,5.8,9.8,,,114.0,23.5,42.6,998.8,
2019-04-06,8.2,5.1,11.8,,,65.0,18.8,37.0,1004.8,
2019-04-07,9.5,6.2,14.0,,,68.0,14.9,31.5,1007.5,
2019-04-08,9.6,7.2,12.8,,,82.0,7.6,18.5,1010.5,
2019-04-09,8.5,6.8,10.6,,,44.0,13.1,31.5,1013.7,
2019-04-10,7.0,4.0,10.2,,,42.0,18.6,37.0,1020.2,
2019-04-11,5.6,0.4,10.4,,,58.0,9.3,22.2,1026.0,
2019-04-12,6.2,2.1,10.0,,,78.0,11.3,25.9,1026.7,
2019-04-13,6.0,2.2,9.6,,,88.0,15.2,33.3,1026.7,
2019-04-14,5.6,1.6,9.0,,,99.0,17.4,35.2,1024.6,
2019-04-15,8.0,4.4,12.2,,,107.0,23.2,48.2,1018.2,
2019-04-16,8.8,6.1,11.8,,,359.0,7.2,24.1,1015.6,
2019-04-17,10.2,5.1,15.8,,,66.0,7.9,22.2,1019.5,
2019-04-18,13.0,8.0,18.7,,,73.0,15.4,35.2,1022.1,
2019-04-19,14.2,7.8,20.8,,,43.0,10.8,25.9,1028.2,
2019-04-20,14.4,7.4,21.5,,,29.0,7.8,22.2,1030.3,
2019-04-21,14.4,7.2,21.8,,,106.0,5.1,16.7,1020.7,
2019-04-22,14.4,7.8,21.0,,,113.0,9.9,25.9,1005.8,
2019-04-23,15.8,10.6,21.8,,,96.0,8.8,22.2,997.0,
2019-04-24,11.8,9.2,13.6,,,134.0,10.5,31.5,993.1,
2019-04-25,10.8,8.6,13.4,,,157.0,18.6,38.9,996.9,
2019-04-26,10.2,7.2,12.8,,,198.0,19.2,44.5,1007.2,
2019-04-27,9.8,8.2,11.8,,,254.0,37.4,70.4,1010.6,
2019-04-28,10.4,7.6,13.8,,,275.0,14.4,38.9,1021.1,
2019-04-29,11.4,7.6,15.6,,,91.0,6.8,20.4,1025.1,
2019-04-30,11.5,6.6,16.4,,,152.0,7.5,20.4,1023.8,
2019-05-01,11.4,9.0,14.0,,,218.0,8.6,27.8,1018.6,
2019-05-02,10.8,7.6,13.8,,,272.0,11.3,29.6,1015.6,
2019-05-03,10.4,7.0,14.2,,,292.0,8.6,29.6,1015.3,
2019-05-04,9.4,6.8,12.8,,,17.0,17.4,37.0,1020.7,
2019-05-05,8.2,3.6,12.0,,,302.0,7.8,25.9,1026.5,
2019-05-06,8.2,4.4,11.4,,,264.0,8.5,25.9,1022.6,
2019-05-07,10.4,5.8,14.8,,,163.0,9.7,29.6,1013.8,
2019-05-08,11.4,9.4,13.8,,,168.0,15.8,35.2,993.6,
2019-05-09,10.4,8.6,13.0,,,262.0,10.7,31.5,998.0,
2019-05-10,10.6,6.8,14.6,,,220.0,8.0,20.4,1008.4,
2019-05-11,11.4,7.4,15.8,,,343.0,9.4,24.1,1019.9,
2019-05-12,10.8,4.4,16.8,,,44.0,7.2,20.4,1035.4,
2019-05-13,12.2,6.8,17.6,,,98.0,9.4,25.9,1038.8,
2019-05-14,12.5,6.0,18.7,,,77.0,12.0,29.6,1033.7,
2019-05-15,13.4,7.0,19.2,,,82.0,9.7,24.1,1026.5,
2019-05-16,13.4,7.8,18.4,,,70.0,13.3,33.3,1019.0,
2019-05-17,12.0,9.2,14.6,,,31.0,15.8,33.3,1010.7,
2019-05-18,12.8,10.2,16.2,,,1.0,8.2,18.5,1007.2,
2019-05-19,13.4,9.2,17.2,,,344.0,7.6,18.5,1010.2,
2019-05-20,14.0,10.0,18.2,,,342.0,9.0,22.2,1013.7,
2019-05-21,13.6,8.4,19.4,,,325.0,7.6,22.2,1019.0,
2019-05-22,13.8,8.6,19.0,,,259.0,8.9,29.6,1019.6,
2019-05-23,13.4,8.6,17.8,,,243.0,10.6,31.5,1017.2,
2019-05-24,14.6,10.0,18.8,,,272.0,9.6,24.1,1018.6,
2019-05-25,15.6,11.8,19.2,,,259.0,12.2,35.2,1019.1,
2019-05-26,15.4,13.0,17.2,,,251.0,23.5,50.0,1014.6,
2019-05-27,13.8,11.0,17.0,,,257.0,21.5,46.3,1011.7,
2019-05-28,13.6,10.4,17.5,,,290.0,12.0,27.8,1013.4,
2019-05-29,12.4,8.4,15.2,,,223.0,15.5,44.5,1017.7,
2019-05-30,16.0,14.4,17.8,,,248.0,27.5,48.2,1020.8,
2019-05-31,17.0,14.6,20.0,,,230.0,18.4,37.0,1022.9,
2019-06-01,17.8,13.2,22.8,,,186.0,11.9,29.6,1018.7,
2019-06-02,16.6,13.2,19.2,,,207.0,18.6,42.6,1009.5,
2019-06-03,14.4,11.8,17.2,,,236.0,18.6,38.9,1011.9,
2019-06-04,14.0,11.4,16.8,,,160.0,11.0,25.9,1005.4,
2019-06-05,13.8,11.4,16.5,,,236.0,17.8,38.9,1005.6,
2019-06-06,13.0,9.2,16.5,,,209.0,12.1,31.5,1009.4,
2019-06-07,12.8,10.4,15.2,,,55.0,14.1,35.2,1002.4,
2019-06-08,13.4,11.6,15.6,,,253.0,29.4,57.4,1011.3,
2019-06-09,13.2,10.2,15.8,,,232.0,11.2,29.6,1020.1,
2019-06-10,11.8,8.8,14.0,,,1.0,11.9,33.3,1016.6,
2019-06-11,12.0,11.0,13.2,,,20.0,25.0,46.3,1013.5,
2019-06-12,12.6,10.5,15.2,,,6.0,13.2,33.3,1010.9,
2019-06-13,12.6,11.4,14.0,,,233.0,16.0,35.2,1004.8,
2019-06-14,13.6,11.4,16.2,,,195.0,16.0,35.2,1008.4,
2019-06-15,13.4,11.2,15.8,,,192.0,16.1,33.3,1011.3,
2019-06-16,14.2,11.2,16.8,,,194.0,18.0,42.6,1014.5,
2019-06-17,15.8,13.6,18.2,,,206.0,18.3,35.2,1016.3,
2019-06-18,15.4,12.8,18.2,,,154.0,6.7,18.5,1013.7,
2019-06-19,15.4,13.4,17.5,,,310.0,10.6,29.6,1009.1,
2019-06-20,14.2,12.0,16.7,,,251.0,20.1,44.5,1013.3,
2019-06-21,14.0,10.6,17.6,,,249.0,13.4,27.8,1019.5,
2019-06-22,15.4,9.0,21.0,,,125.0,7.6,24.1,1020.7,
2019-06-23,16.8,12.0,21.0,,,78.0,12.0,25.9,1016.0,
2019-06-24,18.2,16.2,21.0,,,294.0,9.3,24.1,1015.4,
2019-06-25,18.0,15.8,21.0,,,358.0,12.0,27.8,1019.2,
2019-06-26,18.4,16.0,21.5,,,47.0,18.7,40.8,1026.3,
2019-06-27,18.8,14.6,23.0,,,61.0,21.6,42.6,1027.4,
2019-06-28,19.8,14.4,25.5,,,79.0,18.3,37.0,1022.6,
2019-06-29,21.0,16.4,26.6,,,109.0,12.5,37.0,1015.4,
2019-06-30,17.8,15.4,19.8,,,255.0,23.9,50.0,1016.7,
2019-07-01,16.6,13.8,19.2,,,271.0,17.4,38.9,1021.0,
2019-07-02,16.0,11.2,20.4,,,7.0,9.9,24.1,1025.7,
2019-07-03,16.2,11.0,21.4,,,29.0,11.8,24.1,1027.0,
2019-07-04,17.7,11.5,23.2,,,353.0,7.4,22.2,1025.4,
2019-07-05,18.7,13.6,23.4,,,294.0,8.6,27.8,1019.7,
2019-07-06,17.8,14.2,21.2,,,295.0,7.9,20.4,1014.4,
2019-07-07,17.5,14.2,21.0,,,350.0,10.0,22.2,1016.6,
2019-07-08,17.4,12.5,21.6,,,147.0,7.2,20.4,1020.0,
2019-07-09,18.2,15.0,21.7,,,242.0,10.1,25.9,1020.8,
2019-07-10,18.8,16.2,21.8,,,249.0,13.9,33.3,1018.5,
2019-07-11,18.4,16.4,20.8,,,251.0,16.6,38.9,1013.4,
2019-07-12,19.5,16.8,23.0,,,292.0,11.8,27.8,1015.9,
2019-07-13,18.2,15.0,22.0,,,345.0,9.4,24.1,1022.5,
2019-07-14,18.2,14.6,22.6,,,37.0,11.6,24.1,1023.1,
2019-07-15,18.0,13.2,22.8,,,57.0,7.3,18.5,1022.3,
2019-07-16,18.7,14.2,23.5,,,228.0,8.0,25.9,1019.3,
2019-07-17,18.0,15.0,21.0,,,247.0,12.4,33.3,1014.7,
2019-07-18,18.2,16.0,20.8,,,245.0,19.6,42.6,1010.7,
2019-07-19,17.2,15.0,20.0,,,198.0,17.1,40.8,1009.3,
2019-07-20,18.2,16.2,20.2,,,232.0,24.2,50.0,1008.3,
2019-07-21,18.0,14.8,21.2,,,229.0,15.7,33.3,1019.2,
2019-07-22,20.4,18.0,23.2,,,229.0,18.5,35.2,1021.0,
2019-07-23,22.4,17.0,28.6,,,142.0,10.7,33.3,1016.9,
2019-07-24,21.4,19.2,24.2,,,211.0,12.0,31.5,1012.3,
2019-07-25,22.8,17.2,28.2,,,162.0,11.1,27.8,1010.1,
2019-07-26,19.8,17.5,22.0,,,227.0,13.1,27.8,1010.8,
2019-07-27,18.6,16.2,21.7,,,291.0,9.6,24.1,1008.8,
2019-07-28,18.0,15.4,21.0,,,271.0,14.7,33.3,1007.9,
2019-07-29,18.4,14.0,23.0,,,169.0,11.0,31.5,1007.6,
2019-07-30,17.6,16.5,18.8,,,66.0,17.9,42.6,1002.8,
2019-07-31,17.8,16.0,20.0,,,255.0,24.5,44.5,1012.8,
2019-08-01,18.6,14.6,23.0,,,314.0,7.7,20.4,1017.9,
2019-08-02,19.5,15.4,24.0,,,28.0,8.4,20.4,1019.5,
2019-08-03,19.2,15.4,23.0,,,123.0,8.9,24.1,1018.1,
2019-08-04,18.8,15.6,21.8,,,175.0,10.0,25.9,1012.8,
2019-08-05,18.5,16.6,21.0,,,232.0,19.3,42.6,1009.5,
2019-08-06,17.7,15.6,20.0,,,220.0,19.1,42.6,1007.1,
2019-08-07,17.8,15.8,20.6,,,244.0,24.1,51.8,1006.3,
2019-08-08,18.2,14.8,22.2,,,183.0,11.7,29.6,1008.5,
2019-08-09,19.4,17.8,21.2,,,174.0,23.9,53.7,997.9,
2019-08-10,18.0,16.8,19.8,,,229.0,36.1,70.4,1001.6,
2019-08-11,17.0,14.8,19.2,,,237.0,24.8,46.3,1010.6,
2019-08-12,15.2,12.8,18.0,,,271.0,10.3,29.6,1015.2,
2019-08-13,15.4,12.5,18.6,,,250.0,13.7,33.3,1017.7,
2019-08-14,16.5,14.4,19.0,,,197.0,19.2,40.8,1010.8,
2019-08-15,17.6,15.6,19.7,,,260.0,23.1,40.8,1013.0,
2019-08-16,16.4,15.0,17.6,,,197.0,20.5,46.3,1009.5,
2019-08-17,17.2,15.6,19.5,,,238.0,22.2,46.3,1004.2,
2019-08-18,16.2,14.0,18.7,,,236.0,22.1,53.7,1005.0,
2019-08-19,15.8,14.0,18.2,,,249.0,24.5,50.0,1013.6,
2019-08-20,15.2,12.2,18.2,,,253.0,16.4,37.0,1022.8,
2019-08-21,16.2,13.0,19.6,,,219.0,12.4,29.6,1026.0,
2019-08-22,17.0,14.4,20.0,,,230.0,16.9,37.0,1024.2,
2019-08-23,18.8,15.4,23.6,,,193.0,8.4,24.1,1023.7,
2019-08-24,19.7,12.6,26.8,,,118.0,10.3,31.5,1018.2,
2019-08-25,20.0,16.2,24.8,,,188.0,8.7,25.9,1017.4,
2019-08-26,19.2,15.6,24.0,,,267.0,7.8,22.2,1018.3,
2019-08-27,18.7,16.0,22.0,,,286.0,8.1,24.1,1015.3,
2019-08-28,16.6,13.8,18.5,,,232.0,12.1,25.9,1013.9,
2019-08-29,15.6,12.0,19.0,,,237.0,14.9,40.8,1019.2,
2019-08-30,17.2,14.4,20.6,,,216.0,18.3,38.9,1019.6,
2019-08-31,16.4,13.8,18.8,,,223.0,18.5,40.8,1012.4,
2019-09-01,14.4,11.6,17.6,,,267.0,11.3,31.5,1018.4,
2019-09-02,14.8,11.4,18.0,,,248.0,16.6,40.8,1023.8,
2019-09-03,16.4,14.0,18.8,,,247.0,20.5,40.8,1022.9,
2019-09-04,16.2,13.8,17.8,,,256.0,23.9,50.0,1016.8,
2019-09-05,14.2,11.4,17.2,,,294.0,11.0,25.9,1026.2,
2019-09-06,14.2,12.2,16.8,,,255.0,20.8,50.0,1022.8,
2019-09-07,14.4,11.0,18.7,,,341.0,8.5,24.1,1024.0,
2019-09-08,13.2,8.6,17.6,,,335.0,7.1,22.2,1024.1,
2019-09-09,13.0,11.2,14.6,,,150.0,9.8,25.9,1012.4,
2019-09-10,14.2,11.4,17.8,,,322.0,9.9,29.6,1018.9,
2019-09-11,16.5,13.4,19.4,,,243.0,25.6,51.8,1019.8,
2019-09-12,17.2,14.8,20.0,,,242.0,19.1,44.5,1026.6,
2019-09-13,16.0,12.2,19.2,,,15.0,10.4,25.9,1034.1,
2019-09-14,14.2,8.6,20.4,,,115.0,6.5,18.5,1032.6,
2019-09-15,15.6,11.6,20.2,,,253.0,11.0,27.8,1025.6,
2019-09-16,16.5,13.8,18.2,,,281.0,10.2,24.1,1022.7,
2019-09-17,14.0,10.0,18.2,,,21.0,10.9,27.8,1025.9,
2019-09-18,13.0,8.2,18.4,,,31.0,6.8,18.5,1029.8,
2019-09-19,14.6,9.6,20.2,,,42.0,5.7,18.5,1030.8,
2019-09-20,15.2,11.0,20.8,,,84.0,12.8,37.0,1024.2,
2019-09-21,17.2,11.6,23.5,,,103.0,15.6,33.3,1010.6,
2019-09-22,17.2,14.6,18.8,,,164.0,13.5,31.5,1003.0,
2019-09-23,15.6,13.6,18.0,,,193.0,16.9,37.0,1007.6,
2019-09-24,16.5,14.8,18.2,,,207.0,20.0,44.5,1000.4,
2019-09-25,16.4,15.0,18.7,,,231.0,21.3,40.8,999.4,
2019-09-26,16.2,14.0,17.4,,,223.0,23.1,46.3,1001.9,
2019-09-27,14.6,13.4,16.2,,,229.0,25.7,53.7,1002.7,
2019-09-28,15.2,13.4,17.2,,,227.0,25.5,51.8,1007.2,
2019-09-29,15.8,13.2,17.0,,,238.0,25.0,53.7,997.6,
2019-09-30,14.0,11.8,15.8,,,207.0,13.0,35.2,1007.8,
2019-10-01,15.0,12.0,17.0,,,235.0,14.9,35.2,999.6,
2019-10-02,10.8,7.8,14.6,,,340.0,7.9,31.5,1018.3,
2019-10-03,10.5,6.1,14.4,,,131.0,13.0,38.9,1014.8,
2019-10-04,14.0,13.0,15.0,,,255.0,20.6,44.5,1005.2,
2019-10-05,13.2,11.4,15.2,,,99.0,8.3,22.2,1012.8,
2019-10-06,13.6,11.4,16.0,,,261.0,15.1,35.2,1012.4,
2019-10-07,12.6,10.0,15.2,,,206.0,13.1,37.0,1013.7,
2019-10-08,13.4,11.8,15.2,,,240.0,22.9,50.0,1007.1,
2019-10-09,12.0,10.8,13.8,,,246.0,23.8,46.3,1005.4,
2019-10-10,13.0,10.5,15.4,,,237.0,23.2,44.5,1010.0,
2019-10-11,14.6,12.4,16.0,,,225.0,24.3,50.0,1005.2,
2019-10-12,12.0,10.4,13.8,,,203.0,8.4,22.2,1006.7,
2019-10-13,11.8,10.4,14.0,,,168.0,11.9,42.6,1003.7,
2019-10-14,11.2,9.5,13.0,,,74.0,9.4,24.1,1005.5,
2019-10-15,11.8,9.2,15.2,,,189.0,7.4,27.8,1003.2,
2019-10-16,12.4,9.2,14.6,,,227.0,15.6,33.3,1002.5,
2019-10-17,10.8,7.8,14.4,,,175.0,13.4,35.2,1003.7,
2019-10-18,11.0,9.2,13.0,,,205.0,19.6,50.0,998.0,
2019-10-19,10.6,8.2,13.4,,,235.0,14.2,33.3,1000.6,
2019-10-20,9.5,7.0,12.4,,,2.0,12.3,33.3,1011.3,
2019-10-21,10.5,8.2,12.8,,,8.0,13.3,31.5,1020.4,
2019-10-22,9.0,5.9,13.4,,,161.0,4.1,18.5,1023.3,
2019-10-23,9.4,6.8,12.8,,,95.0,4.0,14.8,1013.6,
2019-10-24,10.5,8.8,13.2,,,219.0,9.8,33.3,1005.5,
2019-10-25,12.6,10.2,15.6,,,197.0,22.3,63.0,1009.1,
2019-10-26,12.5,7.2,15.8,,,247.0,20.6,57.4,1007.3,
2019-10-27,7.4,4.8,11.5,,,311.0,4.9,16.7,1023.4,
2019-10-28,6.8,3.8,9.4,,,41.0,10.6,25.9,1024.9,
2019-10-29,8.2,6.4,10.2,,,56.0,18.1,33.3,1024.6,
2019-10-30,9.0,7.6,10.5,,,69.0,19.4,37.0,1022.2,
2019-10-31,9.2,8.4,9.8,,,75.0,13.9,31.5,1017.0,
2019-11-01,13.0,10.2,14.4,,,190.0,17.9,42.6,997.5,
2019-11-02,11.0,10.0,12.8,,,226.0,31.5,64.8,978.6,
2019-11-03,10.4,9.0,12.5,,,233.0,12.5,35.2,981.0,
2019-11-04,9.4,8.0,11.4,,,134.0,10.4,25.9,982.8,
2019-11-05,9.6,8.2,11.4,,,4.0,17.1,35.2,999.0,
2019-11-06,6.8,4.6,8.8,,,117.0,6.9,20.4,1002.7,
2019-11-07,6.8,5.2,9.0,,,230.0,9.7,24.1,992.9,
2019-11-08,6.0,3.6,8.8,,,3.0,12.6,33.3,1008.0,
2019-11-09,4.6,2.1,6.8,,,104.0,8.0,27.8,1005.3,
2019-11-10,6.6,5.1,8.8,,,39.0,14.6,38.9,1011.2,
2019-11-11,7.2,6.1,9.0,,,252.0,19.2,37.0,1003.5,
2019-11-12,6.8,5.2,8.0,,,264.0,20.2,44.5,1000.7,
2019-11-13,6.4,4.9,8.2,,,207.0,11.2,27.8,997.4,
2019-11-14,4.6,3.4,5.6,,,27.0,14.6,31.5,995.9,
2019-11-15,6.4,4.8,7.8,,,6.0,19.2,37.0,1006.1,
2019-11-16,7.0,4.8,8.5,,,25.0,10.0,37.0,1006.6,
2019-11-17,6.2,3.8,8.4,,,33.0,7.2,25.9,1011.7,
2019-11-18,6.0,2.8,8.2,,,3.0,7.6,25.9,1017.5,
2019-11-19,5.0,2.1,7.8,,,129.0,9.7,25.9,1014.9,
2019-11-20,7.0,5.6,8.2,,,119.0,17.1,33.3,1009.2,
2019-11-21,6.4,5.6,7.2,,,85.0,17.5,35.2,1000.7,
2019-11-22,7.6,6.4,8.6,,,106.0,15.7,35.2,992.6,
2019-11-23,8.8,8.0,9.6,,,47.0,14.5,35.2,993.1,
2019-11-24,8.6,7.2,10.5,,,163.0,7.0,22.2,1002.1,
2019-11-25,10.4,9.0,12.0,,,158.0,13.3,29.6,999.4,
2019-11-26,10.8,9.2,13.4,,,172.0,17.7,40.8,992.4,
2019-11-27,9.2,8.5,10.2,,,135.0,10.2,22.2,983.9,
2019-11-28,8.2,6.8,10.2,,,285.0,10.2,22.2,996.8,
2019-11-29,5.0,2.2,7.2,,,43.0,8.3,22.2,1015.6,
2019-11-30,4.2,1.8,6.4,,,70.0,17.9,37.0,1019.5,
2019-12-01,4.4,2.2,6.2,,,18.0,14.3,33.3,1025.3,
2019-12-02,2.8,-0.0,6.2,,,294.0,4.7,14.8,1032.0,
2019-12-03,4.8,3.0,7.8,,,216.0,5.9,18.5,1027.5,
2019-12-04,4.2,3.0,6.6,,,187.0,4.3,13.0,1020.8,
2019-12-05,6.8,3.6,10.2,,,226.0,19.0,48.2,1018.3,
2019-12-06,10.5,8.6,11.6,,,243.0,28.3,57.4,1006.4,
2019-12-07,9.0,7.2,10.4,,,233.0,18.2,44.5,1012.0,
2019-12-08,9.2,7.6,11.4,,,242.0,36.1,63.0,999.5,
2019-12-09,7.6,4.4,9.4,,,275.0,20.1,64.8,1011.2,
2019-12-10,8.5,4.8,11.4,,,207.0,27.2,63.0,1011.6,
2019-12-11,5.6,3.6,7.0,,,237.0,15.8,33.3,1005.0,
2019-12-12,6.6,3.8,8.8,,,206.0,18.1,46.3,987.6,
2019-12-13,7.0,6.1,8.4,,,256.0,26.8,55.5,981.1,
2019-12-14,6.2,5.4,7.4,,,242.0,27.1,59.3,989.5,
2019-12-15,6.4,5.4,7.2,,,220.0,22.7,53.7,993.3,
2019-12-16,5.8,3.6,7.0,,,169.0,8.6,35.2,998.5,
2019-12-17,4.0,2.8,5.8,,,280.0,3.5,11.1,1000.6,
2019-12-18,6.4,2.6,10.2,,,145.0,18.6,48.2,1003.6,
2019-12-19,10.4,9.4,11.4,,,162.0,20.9,42.6,992.6,
2019-12-20,7.4,6.2,9.0,,,198.0,11.6,31.5,981.0,
2019-12-21,7.2,6.4,9.0,,,156.0,13.6,29.6,977.3,
2019-12-22,7.2,6.4,8.5,,,263.0,17.6,38.9,985.8,
2019-12-23,8.0,7.2,9.5,,,240.0,20.2,44.5,1006.7,
2019-12-24,8.8,7.0,10.4,,,243.0,22.7,55.5,1008.5,
2019-12-25,5.2,3.6,7.6,,,204.0,7.0,24.1,1023.2,
2019-12-26,7.4,3.8,9.5,,,188.0,16.8,35.2,1015.3,
2019-12-27,8.2,7.0,9.5,,,157.0,6.5,16.7,1028.0,
2019-12-28,8.8,7.8,10.8,,,179.0,10.4,24.1,1034.6,
2019-12-29,7.6,5.8,9.8,,,190.0,11.1,27.8,1032.5,
2019-12-30,7.2,5.2,11.4,,,228.0,10.4,29.6,1029.2,
2019-12-31,6.6,5.1,8.2,,,67.0,9.3,24.1,1030.5,
